"id","dosen_id","hari","sesi_ujian_id","ruangan_id","keterangan","created_at","updated_at"
"1","1","Senin","1",NULL,"Mengajar Basis Data Lanjut di G7.03","2026-04-28 20:19:06","2026-04-28 20:19:06"
"2","1","Senin","2",NULL,"Mengajar Basis Data Lanjut di G7.03","2026-04-28 20:19:06","2026-04-28 20:19:06"
"3","1","Senin","3",NULL,"Mengajar Basis Data Lanjut di G7.03","2026-04-28 20:19:06","2026-04-28 20:19:06"
"4","1","Senin","4",NULL,"Mengajar Basis Data Lanjut di G7.03","2026-04-28 20:19:06","2026-04-28 20:19:06"
"5","1","Senin","5",NULL,"Mengajar Basis Data Lanjut di G7.03","2026-04-28 20:19:06","2026-04-28 20:19:06"
"6","1","Senin","6",NULL,"Mengajar Basis Data Lanjut di G7.03","2026-04-28 20:19:06","2026-04-28 20:19:06"
"7","1","Senin","7",NULL,"Mengajar Basis Data Lanjut di G7.03","2026-04-28 20:19:06","2026-04-28 20:19:06"
"8","1","Senin","8",NULL,"Mengajar Basis Data Lanjut di G7.03","2026-04-28 20:19:06","2026-04-28 20:19:06"
"9","1","Senin","9",NULL,"Mengajar Basis Data Lanjut di G7.03","2026-04-28 20:19:06","2026-04-28 20:19:06"
"10","1","Senin","10",NULL,"Mengajar Basis Data Lanjut di G7.03","2026-04-28 20:19:06","2026-04-28 20:19:06"
"11","1","Selasa","1",NULL,"Mengajar Basis Data Lanjut di G7.03","2026-04-28 20:19:57","2026-04-28 20:19:57"
"12","1","Selasa","2",NULL,"Mengajar Basis Data Lanjut di G7.03","2026-04-28 20:19:57","2026-04-28 20:19:57"
"13","1","Selasa","3",NULL,"Mengajar Basis Data Lanjut di G7.03","2026-04-28 20:19:57","2026-04-28 20:19:57"
"14","1","Selasa","4",NULL,"Mengajar Basis Data Lanjut di G7.03","2026-04-28 20:19:57","2026-04-28 20:19:57"
"15","1","Selasa","5",NULL,"Mengajar Basis Data Lanjut di G7.03","2026-04-28 20:19:57","2026-04-28 20:19:57"
"16","1","Rabu","1",NULL,"Mengajar Basis Data Lanjut di G7.04","2026-04-28 20:20:56","2026-04-28 20:20:56"
"17","1","Rabu","2",NULL,"Mengajar Basis Data Lanjut di G7.04","2026-04-28 20:20:56","2026-04-28 20:20:56"
"18","1","Rabu","3",NULL,"Mengajar Basis Data Lanjut di G7.04","2026-04-28 20:20:56","2026-04-28 20:20:56"
"19","1","Rabu","4",NULL,"Mengajar Basis Data Lanjut di G7.04","2026-04-28 20:20:56","2026-04-28 20:20:56"
"20","1","Rabu","5",NULL,"Mengajar Basis Data Lanjut di G7.04","2026-04-28 20:20:56","2026-04-28 20:20:56"
"21","1","Rabu","6",NULL,"Mengajar Basis Data Lanjut di G7.04","2026-04-28 20:20:56","2026-04-28 20:20:56"
"22","1","Rabu","7",NULL,"Mengajar Basis Data Lanjut di G7.04","2026-04-28 20:20:56","2026-04-28 20:20:56"
"23","1","Rabu","8",NULL,"Mengajar Basis Data Lanjut di G7.04","2026-04-28 20:20:56","2026-04-28 20:20:56"
"24","1","Rabu","9",NULL,"Mengajar Basis Data Lanjut di G7.04","2026-04-28 20:20:56","2026-04-28 20:20:56"
"25","1","Rabu","10",NULL,"Mengajar Basis Data Lanjut di G7.04","2026-04-28 20:20:56","2026-04-28 20:20:56"
"26","1","Kamis","1","3","Mengajar Proyek Aplikasi Lanjut","2026-04-28 20:22:04","2026-04-28 20:22:04"
"27","1","Kamis","2","3","Mengajar Proyek Aplikasi Lanjut","2026-04-28 20:22:04","2026-04-28 20:22:04"
"28","1","Kamis","3","3","Mengajar Proyek Aplikasi Lanjut","2026-04-28 20:22:04","2026-04-28 20:22:04"
"29","1","Kamis","4","3","Mengajar Proyek Aplikasi Lanjut","2026-04-28 20:22:04","2026-04-28 20:22:04"
"30","2","Kamis","1",NULL,"Mengajar Perancangan Antarmuka di G7.05","2026-04-28 20:27:37","2026-04-28 20:27:37"
"31","2","Kamis","2",NULL,"Mengajar Perancangan Antarmuka di G7.05","2026-04-28 20:27:37","2026-04-28 20:27:37"
"32","2","Kamis","3",NULL,"Mengajar Perancangan Antarmuka di G7.05","2026-04-28 20:27:37","2026-04-28 20:27:37"
"33","2","Kamis","4",NULL,"Mengajar Perancangan Antarmuka di G7.05","2026-04-28 20:27:37","2026-04-28 20:27:37"
"34","2","Kamis","6",NULL,"Mengajar Perancangan Antarmuka di G7.05","2026-04-28 20:27:37","2026-04-28 20:27:37"
"35","2","Kamis","7",NULL,"Mengajar Perancangan Antarmuka di G7.05","2026-04-28 20:27:37","2026-04-28 20:27:37"
"36","2","Jumat","1","3","Mengajar Pengantar Teknologi Infomasi","2026-04-28 20:28:27","2026-04-28 20:28:27"
"37","2","Jumat","2","3","Mengajar Pengantar Teknologi Infomasi","2026-04-28 20:28:27","2026-04-28 20:28:27"
"38","2","Jumat","3","3","Mengajar Pengantar Teknologi Infomasi","2026-04-28 20:28:27","2026-04-28 20:28:27"
"39","2","Jumat","4","3","Mengajar Pengantar Teknologi Infomasi","2026-04-28 20:28:27","2026-04-28 20:28:27"
"40","2","Jumat","6","3","Mengajar Pengantar Teknologi Infomasi","2026-04-28 20:28:27","2026-04-28 20:28:27"
"41","2","Jumat","7","3","Mengajar Pengantar Teknologi Infomasi","2026-04-28 20:28:27","2026-04-28 20:28:27"
"47","3","Senin","6","8","Mengajar Desain Interaksi","2026-04-28 20:32:55","2026-04-28 20:32:55"
"48","3","Senin","7","8","Mengajar Desain Interaksi","2026-04-28 20:32:55","2026-04-28 20:32:55"
"49","3","Senin","8","8","Mengajar Desain Interaksi","2026-04-28 20:32:55","2026-04-28 20:32:55"
"50","3","Senin","9","8","Mengajar Desain Interaksi","2026-04-28 20:32:55","2026-04-28 20:32:55"
"51","3","Senin","10","8","Mengajar Desain Interaksi","2026-04-28 20:32:55","2026-04-28 20:32:55"
"52","3","Senin","1","9","Mengajar Pengantar Teknologi Informasi di A3.01","2026-04-28 20:33:11","2026-04-28 20:33:11"
"53","3","Senin","2","9","Mengajar Pengantar Teknologi Informasi di A3.01","2026-04-28 20:33:12","2026-04-28 20:33:12"
"54","3","Senin","3","9","Mengajar Pengantar Teknologi Informasi di A3.01","2026-04-28 20:33:12","2026-04-28 20:33:12"
"55","3","Senin","4","9","Mengajar Pengantar Teknologi Informasi di A3.01","2026-04-28 20:33:12","2026-04-28 20:33:12"
"56","3","Senin","5","9","Mengajar Pengantar Teknologi Informasi di A3.01","2026-04-28 20:33:12","2026-04-28 20:33:12"
"57","3","Selasa","1","8","Mengajar Desain Interaksi","2026-04-28 20:35:25","2026-04-28 20:35:25"
"58","3","Selasa","2","8","Mengajar Desain Interaksi","2026-04-28 20:35:25","2026-04-28 20:35:25"
"59","3","Selasa","3","8","Mengajar Desain Interaksi","2026-04-28 20:35:25","2026-04-28 20:35:25"
"60","3","Selasa","4","8","Mengajar Desain Interaksi","2026-04-28 20:35:25","2026-04-28 20:35:25"
"61","3","Selasa","5","8","Mengajar Desain Interaksi","2026-04-28 20:35:25","2026-04-28 20:35:25"
"62","3","Kamis","6","8","Mengajar Desain Interaksi","2026-04-28 20:37:18","2026-04-28 20:37:18"
"63","3","Kamis","7","8","Mengajar Desain Interaksi","2026-04-28 20:37:18","2026-04-28 20:37:18"
"64","3","Kamis","8","8","Mengajar Desain Interaksi","2026-04-28 20:37:18","2026-04-28 20:37:18"
"65","3","Kamis","9","8","Mengajar Desain Interaksi","2026-04-28 20:37:18","2026-04-28 20:37:18"
"66","3","Kamis","10","8","Mengajar Desain Interaksi","2026-04-28 20:37:18","2026-04-28 20:37:18"
"67","3","Jumat","1","8","Mengajar Desain Interaksi","2026-04-28 20:38:24","2026-04-28 20:38:24"
"68","3","Jumat","2","8","Mengajar Desain Interaksi","2026-04-28 20:38:24","2026-04-28 20:38:24"
"69","3","Jumat","3","8","Mengajar Desain Interaksi","2026-04-28 20:38:24","2026-04-28 20:38:24"
"70","3","Jumat","4","8","Mengajar Desain Interaksi","2026-04-28 20:38:24","2026-04-28 20:38:24"
"71","3","Jumat","5","8","Mengajar Desain Interaksi","2026-04-28 20:38:24","2026-04-28 20:38:24"
"72","3","Jumat","6","8","Mengajar Desain Interaksi","2026-04-28 20:38:24","2026-04-28 20:38:24"
"73","3","Jumat","7","8","Mengajar Desain Interaksi","2026-04-28 20:38:24","2026-04-28 20:38:24"
"74","3","Jumat","8","8","Mengajar Desain Interaksi","2026-04-28 20:38:24","2026-04-28 20:38:24"
"75","3","Jumat","9","8","Mengajar Desain Interaksi","2026-04-28 20:38:24","2026-04-28 20:38:24"
"76","3","Jumat","10","8","Mengajar Desain Interaksi","2026-04-28 20:38:24","2026-04-28 20:38:24"
"77","4","Senin","6","2","Mengajar Big data analis","2026-04-28 20:40:36","2026-04-28 20:40:36"
"78","4","Senin","7","2","Mengajar Big data analis","2026-04-28 20:40:36","2026-04-28 20:40:36"
"79","4","Senin","8","2","Mengajar Big data analis","2026-04-28 20:40:36","2026-04-28 20:40:36"
"80","4","Senin","9","2","Mengajar Big data analis","2026-04-28 20:40:36","2026-04-28 20:40:36"
"81","4","Senin","10","2","Mengajar Big data analis","2026-04-28 20:40:36","2026-04-28 20:40:36"
"82","4","Selasa","1",NULL,"Mengajar Manajemen proyek di G7.08","2026-04-28 20:42:32","2026-04-28 20:42:32"
"83","4","Selasa","2",NULL,"Mengajar Manajemen proyek di G7.08","2026-04-28 20:42:32","2026-04-28 20:42:32"
"84","4","Selasa","3",NULL,"Mengajar Manajemen proyek di G7.08","2026-04-28 20:42:32","2026-04-28 20:42:32"
"85","4","Selasa","4",NULL,"Mengajar Manajemen proyek di G7.08","2026-04-28 20:42:32","2026-04-28 20:42:32"
"86","4","Selasa","6","2","Mengajar Analisis dan visualisasi data","2026-04-28 20:43:36","2026-04-28 20:43:36"
"87","4","Selasa","7","2","Mengajar Analisis dan visualisasi data","2026-04-28 20:43:36","2026-04-28 20:43:36"
"88","4","Selasa","8","2","Mengajar Analisis dan visualisasi data","2026-04-28 20:43:36","2026-04-28 20:43:36"
"89","4","Selasa","9","2","Mengajar Analisis dan visualisasi data","2026-04-28 20:43:36","2026-04-28 20:43:36"
"90","4","Selasa","10","2","Mengajar Analisis dan visualisasi data","2026-04-28 20:43:36","2026-04-28 20:43:36"
"91","4","Rabu","6",NULL,"Mengajar Praktikum Perancangan Antarmuka di G7.07","2026-04-28 20:44:28","2026-04-28 20:44:28"
"92","4","Rabu","7",NULL,"Mengajar Praktikum Perancangan Antarmuka di G7.07","2026-04-28 20:44:28","2026-04-28 20:44:28"
"93","4","Rabu","8",NULL,"Mengajar Praktikum Perancangan Antarmuka di G7.07","2026-04-28 20:44:28","2026-04-28 20:44:28"
"94","4","Rabu","9",NULL,"Mengajar Praktikum Perancangan Antarmuka di G7.07","2026-04-28 20:44:28","2026-04-28 20:44:28"
"95","4","Rabu","10",NULL,"Mengajar Praktikum Perancangan Antarmuka di G7.07","2026-04-28 20:44:28","2026-04-28 20:44:28"
"96","4","Kamis","6",NULL,"mengajar Praktikum Perancangan Antarmuka di G7.07","2026-04-28 20:45:33","2026-04-28 20:45:33"
"97","4","Kamis","7",NULL,"mengajar Praktikum Perancangan Antarmuka di G7.07","2026-04-28 20:45:33","2026-04-28 20:45:33"
"98","4","Kamis","8",NULL,"mengajar Praktikum Perancangan Antarmuka di G7.07","2026-04-28 20:45:33","2026-04-28 20:45:33"
"99","4","Kamis","9",NULL,"mengajar Praktikum Perancangan Antarmuka di G7.07","2026-04-28 20:45:33","2026-04-28 20:45:33"
"100","4","Kamis","10",NULL,"mengajar Praktikum Perancangan Antarmuka di G7.07","2026-04-28 20:45:33","2026-04-28 20:45:33"
"101","4","Jumat","1",NULL,"Mengajar Pemrograman Web Lanjut di G7.07","2026-04-28 20:46:12","2026-04-28 20:46:12"
"102","4","Jumat","2",NULL,"Mengajar Pemrograman Web Lanjut di G7.07","2026-04-28 20:46:12","2026-04-28 20:46:12"
"103","4","Jumat","3",NULL,"Mengajar Pemrograman Web Lanjut di G7.07","2026-04-28 20:46:12","2026-04-28 20:46:12"
"104","4","Jumat","4",NULL,"Mengajar Pemrograman Web Lanjut di G7.07","2026-04-28 20:46:12","2026-04-28 20:46:12"
"105","4","Jumat","5",NULL,"Mengajar Pemrograman Web Lanjut di G7.07","2026-04-28 20:46:12","2026-04-28 20:46:12"
"106","4","Jumat","6",NULL,"Mengajar Pemrograman Web Lanjut di G7.07","2026-04-28 20:46:12","2026-04-28 20:46:12"
"107","4","Jumat","7",NULL,"Mengajar Pemrograman Web Lanjut di G7.07","2026-04-28 20:46:12","2026-04-28 20:46:12"
"108","4","Jumat","8",NULL,"Mengajar Pemrograman Web Lanjut di G7.07","2026-04-28 20:46:12","2026-04-28 20:46:12"
"109","4","Jumat","9",NULL,"Mengajar Pemrograman Web Lanjut di G7.07","2026-04-28 20:46:12","2026-04-28 20:46:12"
"110","4","Jumat","10",NULL,"Mengajar Pemrograman Web Lanjut di G7.07","2026-04-28 20:46:12","2026-04-28 20:46:12"
"111","5","Senin","1","6","Mengajar Sistem Operasi","2026-04-28 20:54:46","2026-04-28 20:54:46"
"112","5","Senin","2","6","Mengajar Sistem Operasi","2026-04-28 20:54:46","2026-04-28 20:54:46"
"113","5","Senin","3","6","Mengajar Sistem Operasi","2026-04-28 20:54:46","2026-04-28 20:54:46"
"114","5","Senin","4","6","Mengajar Sistem Operasi","2026-04-28 20:54:46","2026-04-28 20:54:46"
"115","5","Senin","5","6","Mengajar Sistem Operasi","2026-04-28 20:54:46","2026-04-28 20:54:46"
"116","5","Senin","6",NULL,"Mengajar Kewirausahaan Teknologi di G7.05","2026-04-28 20:55:29","2026-04-28 20:55:29"
"117","5","Senin","7",NULL,"Mengajar Kewirausahaan Teknologi di G7.05","2026-04-28 20:55:29","2026-04-28 20:55:29"
"118","5","Jumat","1",NULL,"Mengajar Pengantar Teknologi Informasi di G7.01 Besar","2026-04-28 20:57:52","2026-04-28 20:57:52"
"119","5","Jumat","2",NULL,"Mengajar Pengantar Teknologi Informasi di G7.01 Besar","2026-04-28 20:57:52","2026-04-28 20:57:52"
"120","5","Jumat","6","6","Mengajar Sistem Operasi","2026-04-28 20:58:51","2026-04-28 20:58:51"
"121","5","Jumat","7","6","Mengajar Sistem Operasi","2026-04-28 20:58:51","2026-04-28 20:58:51"
"122","5","Jumat","8","6","Mengajar Sistem Operasi","2026-04-28 20:58:51","2026-04-28 20:58:51"
"123","5","Jumat","9","6","Mengajar Sistem Operasi","2026-04-28 20:58:51","2026-04-28 20:58:51"
"124","5","Jumat","10","6","Mengajar Sistem Operasi","2026-04-28 20:58:51","2026-04-28 20:58:51"
"125","7","Senin","1",NULL,"Mengajar Pemrograman Web Lanjut di G7.05","2026-04-28 22:16:43","2026-04-28 22:16:43"
"126","7","Senin","2",NULL,"Mengajar Pemrograman Web Lanjut di G7.05","2026-04-28 22:16:43","2026-04-28 22:16:43"
"127","7","Senin","3",NULL,"Mengajar Pemrograman Web Lanjut di G7.05","2026-04-28 22:16:43","2026-04-28 22:16:43"
"128","7","Senin","4",NULL,"Mengajar Pemrograman Web Lanjut di G7.05","2026-04-28 22:16:43","2026-04-28 22:16:43"
"129","7","Senin","5",NULL,"Mengajar Pemrograman Web Lanjut di G7.05","2026-04-28 22:16:43","2026-04-28 22:16:43"
"130","7","Selasa","1",NULL,"Mengajar Pemrograman Web Lanjut di G7.05","2026-04-28 22:17:30","2026-04-28 22:17:30"
"131","7","Selasa","2",NULL,"Mengajar Pemrograman Web Lanjut di G7.05","2026-04-28 22:17:30","2026-04-28 22:17:30"
"132","7","Selasa","3",NULL,"Mengajar Pemrograman Web Lanjut di G7.05","2026-04-28 22:17:30","2026-04-28 22:17:30"
"133","7","Selasa","4",NULL,"Mengajar Pemrograman Web Lanjut di G7.05","2026-04-28 22:17:30","2026-04-28 22:17:30"
"134","7","Selasa","5",NULL,"Mengajar Pemrograman Web Lanjut di G7.05","2026-04-28 22:17:30","2026-04-28 22:17:30"
"135","7","Kamis","1","5","Mengajar Proyek Aplikasi Lanjut","2026-04-28 22:18:18","2026-04-28 22:18:18"
"136","7","Kamis","2","5","Mengajar Proyek Aplikasi Lanjut","2026-04-28 22:18:18","2026-04-28 22:18:18"
"137","7","Kamis","3","5","Mengajar Proyek Aplikasi Lanjut","2026-04-28 22:18:18","2026-04-28 22:18:18"
"138","7","Kamis","4","5","Mengajar Proyek Aplikasi Lanjut","2026-04-28 22:18:18","2026-04-28 22:18:18"
"139","7","Jumat","6",NULL,"Mengajar Pemrograman Web Lanjut di G7.05","2026-04-28 22:19:09","2026-04-28 22:19:09"
"140","7","Jumat","7",NULL,"Mengajar Pemrograman Web Lanjut di G7.05","2026-04-28 22:19:09","2026-04-28 22:19:09"
"141","7","Jumat","8",NULL,"Mengajar Pemrograman Web Lanjut di G7.05","2026-04-28 22:19:09","2026-04-28 22:19:09"
"142","7","Jumat","9",NULL,"Mengajar Pemrograman Web Lanjut di G7.05","2026-04-28 22:19:09","2026-04-28 22:19:09"
"143","7","Jumat","10",NULL,"Mengajar Pemrograman Web Lanjut di G7.05","2026-04-28 22:19:09","2026-04-28 22:19:09"
"144","8","Rabu","1","3","Mengajar Pengantar Pemprograman Dasar","2026-04-28 22:36:08","2026-04-28 22:36:08"
"145","8","Rabu","2","3","Mengajar Pengantar Pemprograman Dasar","2026-04-28 22:36:08","2026-04-28 22:36:08"
"146","8","Rabu","3","3","Mengajar Pengantar Pemprograman Dasar","2026-04-28 22:36:08","2026-04-28 22:36:08"
"147","8","Rabu","4","3","Mengajar Pengantar Pemprograman Dasar","2026-04-28 22:36:08","2026-04-28 22:36:08"
"148","8","Rabu","5","3","Mengajar Pengantar Pemprograman Dasar","2026-04-28 22:36:08","2026-04-28 22:36:08"
"149","8","Rabu","6","3","Mengajar Pengantar Pemprograman Dasar","2026-04-28 22:36:08","2026-04-28 22:36:08"
"150","8","Rabu","7","3","Mengajar Pengantar Pemprograman Dasar","2026-04-28 22:36:08","2026-04-28 22:36:08"
"151","8","Rabu","8","3","Mengajar Pengantar Pemprograman Dasar","2026-04-28 22:36:08","2026-04-28 22:36:08"
"152","8","Rabu","9","3","Mengajar Pengantar Pemprograman Dasar","2026-04-28 22:36:08","2026-04-28 22:36:08"
"153","8","Rabu","10","3","Mengajar Pengantar Pemprograman Dasar","2026-04-28 22:36:08","2026-04-28 22:36:08"
"154","8","Kamis","1","4","Mengajar Pengantar Penambangan Data","2026-04-28 22:36:57","2026-04-28 22:36:57"
"155","8","Kamis","2","4","Mengajar Pengantar Penambangan Data","2026-04-28 22:36:57","2026-04-28 22:36:57"
"156","8","Kamis","3","4","Mengajar Pengantar Penambangan Data","2026-04-28 22:36:57","2026-04-28 22:36:57"
"157","8","Kamis","4","4","Mengajar Pengantar Penambangan Data","2026-04-28 22:36:57","2026-04-28 22:36:57"
"158","8","Kamis","5","4","Mengajar Pengantar Penambangan Data","2026-04-28 22:36:57","2026-04-28 22:36:57"
"159","8","Kamis","6","4","Mengajar Pengantar Penambangan Data","2026-04-28 22:36:57","2026-04-28 22:36:57"
"160","8","Kamis","7","4","Mengajar Pengantar Penambangan Data","2026-04-28 22:36:57","2026-04-28 22:36:57"
"161","8","Kamis","8","4","Mengajar Pengantar Penambangan Data","2026-04-28 22:36:57","2026-04-28 22:36:57"
"162","8","Kamis","9","4","Mengajar Pengantar Penambangan Data","2026-04-28 22:36:57","2026-04-28 22:36:57"
"163","8","Kamis","10","4","Mengajar Pengantar Penambangan Data","2026-04-28 22:36:57","2026-04-28 22:36:57"
"164","8","Jumat","1","4","Mengajar Pengantar Penambangan Data","2026-04-28 22:37:46","2026-04-28 22:37:46"
"165","8","Jumat","2","4","Mengajar Pengantar Penambangan Data","2026-04-28 22:37:46","2026-04-28 22:37:46"
"166","8","Jumat","3","4","Mengajar Pengantar Penambangan Data","2026-04-28 22:37:46","2026-04-28 22:37:46"
"167","8","Jumat","4","4","Mengajar Pengantar Penambangan Data","2026-04-28 22:37:46","2026-04-28 22:37:46"
"168","8","Jumat","5","4","Mengajar Pengantar Penambangan Data","2026-04-28 22:37:46","2026-04-28 22:37:46"
"169","9","Senin","1","1","Mengajar Sensor dan Aktuator","2026-04-28 22:47:13","2026-04-28 22:47:13"
"170","9","Senin","2","1","Mengajar Sensor dan Aktuator","2026-04-28 22:47:13","2026-04-28 22:47:13"
"171","9","Senin","3","1","Mengajar Sensor dan Aktuator","2026-04-28 22:47:13","2026-04-28 22:47:13"
"172","9","Senin","4","1","Mengajar Sensor dan Aktuator","2026-04-28 22:47:13","2026-04-28 22:47:13"
"173","9","Senin","5","1","Mengajar Sensor dan Aktuator","2026-04-28 22:47:13","2026-04-28 22:47:13"
"174","9","Selasa","1","1","Mengajar Sensor dan Aktuator","2026-04-28 22:47:48","2026-04-28 22:47:48"
"175","9","Selasa","2","1","Mengajar Sensor dan Aktuator","2026-04-28 22:47:48","2026-04-28 22:47:48"
"176","9","Selasa","3","1","Mengajar Sensor dan Aktuator","2026-04-28 22:47:48","2026-04-28 22:47:48"
"177","9","Selasa","4","1","Mengajar Sensor dan Aktuator","2026-04-28 22:47:48","2026-04-28 22:47:48"
"178","9","Selasa","5","1","Mengajar Sensor dan Aktuator","2026-04-28 22:47:48","2026-04-28 22:47:48"
"179","9","Kamis","1","1","Mengajar Sistem Tertanam","2026-04-28 22:48:29","2026-04-28 22:48:29"
"180","9","Kamis","2","1","Mengajar Sistem Tertanam","2026-04-28 22:48:29","2026-04-28 22:48:29"
"181","9","Kamis","3","1","Mengajar Sistem Tertanam","2026-04-28 22:48:29","2026-04-28 22:48:29"
"182","9","Kamis","4","1","Mengajar Sistem Tertanam","2026-04-28 22:48:29","2026-04-28 22:48:29"
"183","9","Kamis","5","1","Mengajar Sistem Tertanam","2026-04-28 22:48:29","2026-04-28 22:48:29"
"184","9","Kamis","6","1","Mengajar Sistem Tertanam","2026-04-28 22:48:29","2026-04-28 22:48:29"
"185","9","Kamis","7","1","Mengajar Sistem Tertanam","2026-04-28 22:48:29","2026-04-28 22:48:29"
"186","9","Kamis","8","1","Mengajar Sistem Tertanam","2026-04-28 22:48:29","2026-04-28 22:48:29"
"187","9","Kamis","9","1","Mengajar Sistem Tertanam","2026-04-28 22:48:29","2026-04-28 22:48:29"
"188","9","Kamis","10","1","Mengajar Sistem Tertanam","2026-04-28 22:48:29","2026-04-28 22:48:29"
"189","9","Jumat","1","1","Mengajar Teknologi Internet of Things (IoT)","2026-04-28 22:49:37","2026-04-28 22:49:37"
"190","9","Jumat","2","1","Mengajar Teknologi Internet of Things (IoT)","2026-04-28 22:49:37","2026-04-28 22:49:37"
"191","9","Jumat","3","1","Mengajar Teknologi Internet of Things (IoT)","2026-04-28 22:49:37","2026-04-28 22:49:37"
"192","9","Jumat","4","1","Mengajar Teknologi Internet of Things (IoT)","2026-04-28 22:49:37","2026-04-28 22:49:37"
"193","9","Jumat","5","1","Mengajar Teknologi Internet of Things (IoT)","2026-04-28 22:49:37","2026-04-28 22:49:37"
"194","10","Senin","1","7","Mengajar Rangkaian Elektronika Analog","2026-04-28 22:51:51","2026-04-28 22:51:51"
"195","10","Senin","2","7","Mengajar Rangkaian Elektronika Analog","2026-04-28 22:51:51","2026-04-28 22:51:51"
"196","10","Senin","3","7","Mengajar Rangkaian Elektronika Analog","2026-04-28 22:51:51","2026-04-28 22:51:51"
"197","10","Senin","4","7","Mengajar Rangkaian Elektronika Analog","2026-04-28 22:51:51","2026-04-28 22:51:51"
"198","10","Senin","5","7","Mengajar Rangkaian Elektronika Analog","2026-04-28 22:51:51","2026-04-28 22:51:51"
"199","10","Senin","6",NULL,"Mengajar Arsitektur Komputer di G7.01 Besar","2026-04-28 22:52:28","2026-04-28 22:52:28"
"200","10","Senin","7",NULL,"Mengajar Arsitektur Komputer di G7.01 Besar","2026-04-28 22:52:28","2026-04-28 22:52:28"
"201","10","Selasa","1","6","Mengajar Pemrograman Dasar","2026-04-28 22:53:21","2026-04-28 22:53:21"
"202","10","Selasa","2","6","Mengajar Pemrograman Dasar","2026-04-28 22:53:21","2026-04-28 22:53:21"
"203","10","Selasa","3","6","Mengajar Pemrograman Dasar","2026-04-28 22:53:21","2026-04-28 22:53:21"
"204","10","Selasa","4","6","Mengajar Pemrograman Dasar","2026-04-28 22:53:21","2026-04-28 22:53:21"
"205","10","Selasa","5","6","Mengajar Pemrograman Dasar","2026-04-28 22:53:21","2026-04-28 22:53:21"
"206","10","Selasa","6","6","Mengajar Pemrograman Dasar","2026-04-28 22:53:21","2026-04-28 22:53:21"
"207","10","Selasa","7","6","Mengajar Pemrograman Dasar","2026-04-28 22:53:21","2026-04-28 22:53:21"
"208","10","Selasa","8","6","Mengajar Pemrograman Dasar","2026-04-28 22:53:21","2026-04-28 22:53:21"
"209","10","Selasa","9","6","Mengajar Pemrograman Dasar","2026-04-28 22:53:21","2026-04-28 22:53:21"
"210","10","Selasa","10","6","Mengajar Pemrograman Dasar","2026-04-28 22:53:21","2026-04-28 22:53:21"
"211","10","Kamis","3",NULL,"Mengajar Metodologi Penelitian G7.02","2026-04-28 22:54:14","2026-04-28 22:54:14"
"212","10","Kamis","4",NULL,"Mengajar Metodologi Penelitian G7.02","2026-04-28 22:54:14","2026-04-28 22:54:14"
"213","11","Senin","6",NULL,"Mengajar Pemrograman Web di G7.02","2026-04-28 22:58:32","2026-04-28 22:58:32"
"214","11","Senin","7",NULL,"Mengajar Pemrograman Web di G7.02","2026-04-28 22:58:32","2026-04-28 22:58:32"
"215","11","Senin","8",NULL,"Mengajar Pemrograman Web di G7.02","2026-04-28 22:58:32","2026-04-28 22:58:32"
"216","11","Senin","9",NULL,"Mengajar Pemrograman Web di G7.02","2026-04-28 22:58:32","2026-04-28 22:58:32"
"217","11","Senin","10",NULL,"Mengajar Pemrograman Web di G7.02","2026-04-28 22:58:32","2026-04-28 22:58:32"
"218","11","Selasa","1","9","Mengajar Pengantar Teknologi Informasi","2026-04-28 22:59:14","2026-04-28 22:59:14"
"219","11","Selasa","2","9","Mengajar Pengantar Teknologi Informasi","2026-04-28 22:59:14","2026-04-28 22:59:14"
"220","11","Selasa","3","9","Mengajar Pengantar Teknologi Informasi","2026-04-28 22:59:14","2026-04-28 22:59:14"
"221","11","Selasa","4","9","Mengajar Pengantar Teknologi Informasi","2026-04-28 22:59:14","2026-04-28 22:59:14"
"222","11","Selasa","5","9","Mengajar Pengantar Teknologi Informasi","2026-04-28 22:59:14","2026-04-28 22:59:14"
"223","11","Selasa","6",NULL,"Mengajar Pemrograman Web di G7.03","2026-04-28 22:59:52","2026-04-28 22:59:52"
"224","11","Selasa","7",NULL,"Mengajar Pemrograman Web di G7.03","2026-04-28 22:59:52","2026-04-28 22:59:52"
"225","11","Selasa","8",NULL,"Mengajar Pemrograman Web di G7.03","2026-04-28 22:59:52","2026-04-28 22:59:52"
"226","11","Selasa","9",NULL,"Mengajar Pemrograman Web di G7.03","2026-04-28 22:59:52","2026-04-28 22:59:52"
"227","11","Selasa","10",NULL,"Mengajar Pemrograman Web di G7.03","2026-04-28 22:59:52","2026-04-28 22:59:52"
"228","11","Kamis","1","9","Mengajar Pengantar Teknologi Informasi","2026-04-28 23:01:00","2026-04-28 23:01:00"
"229","11","Kamis","2","9","Mengajar Pengantar Teknologi Informasi","2026-04-28 23:01:00","2026-04-28 23:01:00"
"230","11","Kamis","3","9","Mengajar Pengantar Teknologi Informasi","2026-04-28 23:01:00","2026-04-28 23:01:00"
"231","11","Kamis","4","9","Mengajar Pengantar Teknologi Informasi","2026-04-28 23:01:00","2026-04-28 23:01:00"
"232","11","Kamis","5","9","Mengajar Pengantar Teknologi Informasi","2026-04-28 23:01:00","2026-04-28 23:01:00"
"233","11","Kamis","6","7","Mengajar Rangkaian Elektronika Analog","2026-04-28 23:01:31","2026-04-28 23:01:31"
"234","11","Kamis","7","7","Mengajar Rangkaian Elektronika Analog","2026-04-28 23:01:31","2026-04-28 23:01:31"
"235","11","Kamis","8","7","Mengajar Rangkaian Elektronika Analog","2026-04-28 23:01:31","2026-04-28 23:01:31"
"236","11","Kamis","9","7","Mengajar Rangkaian Elektronika Analog","2026-04-28 23:01:31","2026-04-28 23:01:31"
"237","11","Kamis","10","7","Mengajar Rangkaian Elektronika Analog","2026-04-28 23:01:31","2026-04-28 23:01:31"
"238","12","Senin","1","4","Mengajar Pemrograman Berbasis Objek","2026-04-28 23:15:16","2026-04-28 23:15:16"
"239","12","Senin","2","4","Mengajar Pemrograman Berbasis Objek","2026-04-28 23:15:16","2026-04-28 23:15:16"
"240","12","Senin","3","4","Mengajar Pemrograman Berbasis Objek","2026-04-28 23:15:16","2026-04-28 23:15:16"
"241","12","Senin","4","4","Mengajar Pemrograman Berbasis Objek","2026-04-28 23:15:16","2026-04-28 23:15:16"
"242","12","Senin","5","4","Mengajar Pemrograman Berbasis Objek","2026-04-28 23:15:16","2026-04-28 23:15:16"
"243","12","Senin","8",NULL,"Mengajar Metodologi penelitian di G7.10","2026-04-28 23:16:05","2026-04-28 23:16:05"
"244","12","Senin","9",NULL,"Mengajar Metodologi penelitian di G7.10","2026-04-28 23:16:05","2026-04-28 23:16:05"
"245","12","Selasa","1","4","Mengajar Pemrograman Berbasis Objek","2026-04-28 23:18:31","2026-04-28 23:18:31"
"246","12","Selasa","2","4","Mengajar Pemrograman Berbasis Objek","2026-04-28 23:18:31","2026-04-28 23:18:31"
"247","12","Selasa","3","4","Mengajar Pemrograman Berbasis Objek","2026-04-28 23:18:31","2026-04-28 23:18:31"
"248","12","Selasa","4","4","Mengajar Pemrograman Berbasis Objek","2026-04-28 23:18:31","2026-04-28 23:18:31"
"249","12","Selasa","5","4","Mengajar Pemrograman Berbasis Objek","2026-04-28 23:18:31","2026-04-28 23:18:31"
"250","12","Selasa","8",NULL,"Mengajar Metodologi penelitian di G6.09","2026-04-28 23:19:16","2026-04-28 23:19:16"
"251","12","Selasa","9",NULL,"Mengajar Metodologi penelitian di G6.09","2026-04-28 23:19:16","2026-04-28 23:19:16"
"252","12","Kamis","1",NULL,"Mengajar Metodologi penelitian di G7.09","2026-04-28 23:20:07","2026-04-28 23:20:07"
"253","12","Kamis","2",NULL,"Mengajar Metodologi penelitian di G7.09","2026-04-28 23:20:07","2026-04-28 23:20:07"
"254","12","Kamis","3",NULL,"Mengajar Metodologi penelitian di G7.09","2026-04-28 23:20:07","2026-04-28 23:20:07"
"255","12","Kamis","4",NULL,"Mengajar Metodologi penelitian di G7.09","2026-04-28 23:20:07","2026-04-28 23:20:07"
"256","12","Jumat","7",NULL,"Mengajar Metodologi penelitian di G7.09","2026-04-28 23:21:00","2026-04-28 23:21:00"
"257","12","Jumat","8",NULL,"Mengajar Metodologi penelitian di G7.09","2026-04-28 23:21:00","2026-04-28 23:21:00"
"258","12","Jumat","9",NULL,"Mengajar Metodologi penelitian di G7.09","2026-04-28 23:21:00","2026-04-28 23:21:00"
"259","12","Jumat","10",NULL,"Mengajar Metodologi penelitian di G7.09","2026-04-28 23:21:00","2026-04-28 23:21:00"
"260","13","Senin","1","2","Mengajar Rekayasa Kebutuhan Perangkat Lunak","2026-04-28 23:27:23","2026-04-28 23:27:23"
"261","13","Senin","2","2","Mengajar Rekayasa Kebutuhan Perangkat Lunak","2026-04-28 23:27:23","2026-04-28 23:27:23"
"262","13","Senin","3","2","Mengajar Rekayasa Kebutuhan Perangkat Lunak","2026-04-28 23:27:23","2026-04-28 23:27:23"
"263","13","Senin","4","2","Mengajar Rekayasa Kebutuhan Perangkat Lunak","2026-04-28 23:27:23","2026-04-28 23:27:23"
"264","13","Senin","6","1","Mengajar Proyek Aplikasi Lanjut","2026-04-28 23:28:58","2026-04-28 23:28:58"
"265","13","Senin","7","1","Mengajar Proyek Aplikasi Lanjut","2026-04-28 23:28:58","2026-04-28 23:28:58"
"266","13","Senin","8","1","Mengajar Proyek Aplikasi Lanjut","2026-04-28 23:28:58","2026-04-28 23:28:58"
"267","13","Senin","9","1","Mengajar Proyek Aplikasi Lanjut","2026-04-28 23:28:58","2026-04-28 23:28:58"
"268","13","Selasa","3","2","Mengajar Rekayasa Kebutuhan Perangkat Lunak","2026-04-28 23:30:49","2026-04-28 23:30:49"
"269","13","Selasa","4","2","Mengajar Rekayasa Kebutuhan Perangkat Lunak","2026-04-28 23:30:49","2026-04-28 23:30:49"
"270","13","Selasa","6",NULL,"Mengajar Rekayasa Kebutuhan Perangkat Lunak di G7.05","2026-04-28 23:58:03","2026-04-28 23:58:03"
"271","13","Selasa","7",NULL,"Mengajar Rekayasa Kebutuhan Perangkat Lunak di G7.05","2026-04-28 23:58:03","2026-04-28 23:58:03"
"272","13","Selasa","8",NULL,"Mengajar Rekayasa Kebutuhan Perangkat Lunak di G7.05","2026-04-28 23:58:03","2026-04-28 23:58:03"
"273","13","Selasa","9",NULL,"Mengajar Rekayasa Kebutuhan Perangkat Lunak di G7.05","2026-04-28 23:58:03","2026-04-28 23:58:03"
"274","13","Kamis","6",NULL,"Mengajar Ide Kreatif & Kewirausahaan di G7.03","2026-04-29 00:24:54","2026-04-29 00:24:54"
"275","13","Kamis","7",NULL,"Mengajar Ide Kreatif & Kewirausahaan di G7.03","2026-04-29 00:24:54","2026-04-29 00:24:54"
"276","13","Kamis","8",NULL,"Mengajar Ide Kreatif & Kewirausahaan di G7.03","2026-04-29 00:24:54","2026-04-29 00:24:54"
"277","13","Kamis","9",NULL,"Mengajar Ide Kreatif & Kewirausahaan di G7.03","2026-04-29 00:24:54","2026-04-29 00:24:54"
"278","15","Selasa","1",NULL,"Mengajar Desain komunikasi visual di G7.02","2026-04-29 13:53:48","2026-04-29 13:53:48"
"279","15","Selasa","2",NULL,"Mengajar Desain komunikasi visual di G7.02","2026-04-29 13:53:48","2026-04-29 13:53:48"
"280","15","Selasa","3",NULL,"Mengajar Desain komunikasi visual di G7.02","2026-04-29 13:53:48","2026-04-29 13:53:48"
"281","15","Selasa","4",NULL,"Mengajar Desain komunikasi visual di G7.02","2026-04-29 13:53:48","2026-04-29 13:53:48"
"282","15","Selasa","5",NULL,"Mengajar Desain komunikasi visual di G7.02","2026-04-29 13:53:48","2026-04-29 13:53:48"
"283","15","Selasa","6",NULL,"Mengajar Desain komunikasi visual di G7.02","2026-04-29 13:53:48","2026-04-29 13:53:48"
"284","15","Selasa","7",NULL,"Mengajar Desain komunikasi visual di G7.02","2026-04-29 13:53:48","2026-04-29 13:53:48"
"285","15","Selasa","8",NULL,"Mengajar Desain komunikasi visual di G7.02","2026-04-29 13:53:48","2026-04-29 13:53:48"
"286","15","Selasa","9",NULL,"Mengajar Desain komunikasi visual di G7.02","2026-04-29 13:53:48","2026-04-29 13:53:48"
"287","15","Selasa","10",NULL,"Mengajar Desain komunikasi visual di G7.02","2026-04-29 13:53:48","2026-04-29 13:53:48"
"288","15","Rabu","1",NULL,"Mengajar Internet Marketing di G7.06","2026-04-29 13:54:42","2026-04-29 13:54:42"
"289","15","Rabu","2",NULL,"Mengajar Internet Marketing di G7.06","2026-04-29 13:54:42","2026-04-29 13:54:42"
"290","15","Rabu","3",NULL,"Mengajar Internet Marketing di G7.06","2026-04-29 13:54:42","2026-04-29 13:54:42"
"291","15","Rabu","4",NULL,"Mengajar Internet Marketing di G7.06","2026-04-29 13:54:42","2026-04-29 13:54:42"
"292","15","Rabu","5",NULL,"Mengajar Internet Marketing di G7.06","2026-04-29 13:54:42","2026-04-29 13:54:42"
"293","15","Rabu","6","2","Mengajar Big data analis","2026-04-29 13:55:14","2026-04-29 13:55:14"
"294","15","Rabu","7","2","Mengajar Big data analis","2026-04-29 13:55:14","2026-04-29 13:55:14"
"295","15","Rabu","8","2","Mengajar Big data analis","2026-04-29 13:55:14","2026-04-29 13:55:14"
"296","15","Rabu","9","2","Mengajar Big data analis","2026-04-29 13:55:14","2026-04-29 13:55:14"
"297","15","Rabu","10","2","Mengajar Big data analis","2026-04-29 13:55:14","2026-04-29 13:55:14"
"298","15","Kamis","1","2","Mengajar Analisis dan visualisasi data","2026-04-29 13:55:47","2026-04-29 13:55:47"
"299","15","Kamis","2","2","Mengajar Analisis dan visualisasi data","2026-04-29 13:55:47","2026-04-29 13:55:47"
"300","15","Kamis","3","2","Mengajar Analisis dan visualisasi data","2026-04-29 13:55:47","2026-04-29 13:55:47"
"301","15","Kamis","4","2","Mengajar Analisis dan visualisasi data","2026-04-29 13:55:47","2026-04-29 13:55:47"
"302","15","Kamis","5","2","Mengajar Analisis dan visualisasi data","2026-04-29 13:55:47","2026-04-29 13:55:47"
"303","16","Senin","6","4","Mengajar Pemrograman Perangkat Bergerak","2026-04-29 13:56:38","2026-04-29 13:56:38"
"304","16","Senin","7","4","Mengajar Pemrograman Perangkat Bergerak","2026-04-29 13:56:38","2026-04-29 13:56:38"
"305","16","Senin","8","4","Mengajar Pemrograman Perangkat Bergerak","2026-04-29 13:56:38","2026-04-29 13:56:38"
"306","16","Senin","9","4","Mengajar Pemrograman Perangkat Bergerak","2026-04-29 13:56:38","2026-04-29 13:56:38"
"307","16","Senin","10","4","Mengajar Pemrograman Perangkat Bergerak","2026-04-29 13:56:38","2026-04-29 13:56:38"
"308","16","Selasa","1","5","Mengajar Pemrograman Perangkat Bergerak","2026-04-29 13:57:11","2026-04-29 13:57:11"
"309","16","Selasa","2","5","Mengajar Pemrograman Perangkat Bergerak","2026-04-29 13:57:11","2026-04-29 13:57:11"
"310","16","Selasa","3","5","Mengajar Pemrograman Perangkat Bergerak","2026-04-29 13:57:11","2026-04-29 13:57:11"
"311","16","Selasa","4","5","Mengajar Pemrograman Perangkat Bergerak","2026-04-29 13:57:11","2026-04-29 13:57:11"
"312","16","Selasa","5","5","Mengajar Pemrograman Perangkat Bergerak","2026-04-29 13:57:11","2026-04-29 13:57:11"
"313","16","Selasa","6","5","Mengajar Pemrograman Perangkat Bergerak","2026-04-29 13:57:11","2026-04-29 13:57:11"
"314","16","Selasa","7","5","Mengajar Pemrograman Perangkat Bergerak","2026-04-29 13:57:11","2026-04-29 13:57:11"
"315","16","Selasa","8","5","Mengajar Pemrograman Perangkat Bergerak","2026-04-29 13:57:11","2026-04-29 13:57:11"
"316","16","Selasa","9","5","Mengajar Pemrograman Perangkat Bergerak","2026-04-29 13:57:11","2026-04-29 13:57:11"
"317","16","Selasa","10","5","Mengajar Pemrograman Perangkat Bergerak","2026-04-29 13:57:11","2026-04-29 13:57:11"
"318","16","Rabu","3",NULL,"Mengajar Ide Kreatif & Kewirausahaan di G7.09","2026-04-29 13:58:09","2026-04-29 13:58:09"
"319","16","Rabu","4",NULL,"Mengajar Ide Kreatif & Kewirausahaan di G7.09","2026-04-29 13:58:09","2026-04-29 13:58:09"
"320","16","Rabu","6","4","Mengajar Interoperabilitas","2026-04-29 13:58:40","2026-04-29 13:58:40"
"321","16","Rabu","7","4","Mengajar Interoperabilitas","2026-04-29 13:58:40","2026-04-29 13:58:40"
"322","16","Rabu","8","4","Mengajar Interoperabilitas","2026-04-29 13:58:40","2026-04-29 13:58:40"
"323","16","Rabu","9","4","Mengajar Interoperabilitas","2026-04-29 13:58:40","2026-04-29 13:58:40"
"324","16","Rabu","10","4","Mengajar Interoperabilitas","2026-04-29 13:58:40","2026-04-29 13:58:40"
"325","16","Jumat","6","4","Mengajar Interoperabilitas","2026-04-29 13:59:30","2026-04-29 13:59:30"
"326","16","Jumat","7","4","Mengajar Interoperabilitas","2026-04-29 13:59:30","2026-04-29 13:59:30"
"327","16","Jumat","8","4","Mengajar Interoperabilitas","2026-04-29 13:59:30","2026-04-29 13:59:30"
"328","16","Jumat","9","4","Mengajar Interoperabilitas","2026-04-29 13:59:30","2026-04-29 13:59:30"
"329","16","Jumat","10","4","Mengajar Interoperabilitas","2026-04-29 13:59:30","2026-04-29 13:59:30"
"330","17","Selasa","6",NULL,"Mengajar Sistem Pendukung Keputusan di G7.04","2026-04-29 16:36:02","2026-04-29 16:36:02"
"331","17","Selasa","7",NULL,"Mengajar Sistem Pendukung Keputusan di G7.04","2026-04-29 16:36:02","2026-04-29 16:36:02"
"332","17","Selasa","8",NULL,"Mengajar Sistem Pendukung Keputusan di G7.04","2026-04-29 16:36:02","2026-04-29 16:36:02"
"333","17","Selasa","9",NULL,"Mengajar Sistem Pendukung Keputusan di G7.04","2026-04-29 16:36:02","2026-04-29 16:36:02"
"334","17","Selasa","10",NULL,"Mengajar Sistem Pendukung Keputusan di G7.04","2026-04-29 16:36:02","2026-04-29 16:36:02"
"335","17","Rabu","1",NULL,"Mengajar Sistem Pendukung Keputusan di G7.05","2026-04-29 16:36:56","2026-04-29 16:36:56"
"336","17","Rabu","2",NULL,"Mengajar Sistem Pendukung Keputusan di G7.05","2026-04-29 16:36:56","2026-04-29 16:36:56"
"337","17","Rabu","3",NULL,"Mengajar Sistem Pendukung Keputusan di G7.05","2026-04-29 16:36:56","2026-04-29 16:36:56"
"338","17","Rabu","4",NULL,"Mengajar Sistem Pendukung Keputusan di G7.05","2026-04-29 16:36:56","2026-04-29 16:36:56"
"339","17","Rabu","5",NULL,"Mengajar Sistem Pendukung Keputusan di G7.05","2026-04-29 16:36:56","2026-04-29 16:36:56"
"340","17","Rabu","6",NULL,"Mengajar Tata Tulis Karya Ilmiah di G7.09","2026-04-29 16:38:36","2026-04-29 16:38:36"
"341","17","Rabu","7",NULL,"Mengajar Tata Tulis Karya Ilmiah di G7.09","2026-04-29 16:38:36","2026-04-29 16:38:36"
"342","17","Kamis","1",NULL,"Mengajar Tata Tulis Karya Ilmiah di G7.10","2026-04-29 16:39:21","2026-04-29 16:39:21"
"343","17","Kamis","2",NULL,"Mengajar Tata Tulis Karya Ilmiah di G7.10","2026-04-29 16:39:21","2026-04-29 16:39:21"
"344","17","Kamis","6",NULL,"Mengajar Tata Tulis Karya Ilmiah di G7.02","2026-04-29 16:40:13","2026-04-29 16:40:13"
"345","17","Kamis","7",NULL,"Mengajar Tata Tulis Karya Ilmiah di G7.02","2026-04-29 16:40:13","2026-04-29 16:40:13"
"346","17","Kamis","8",NULL,"Mengajar Tata Tulis Karya Ilmiah di G7.02","2026-04-29 16:40:13","2026-04-29 16:40:13"
"347","17","Kamis","9",NULL,"Mengajar Tata Tulis Karya Ilmiah di G7.02","2026-04-29 16:40:13","2026-04-29 16:40:13"
"348","17","Jumat","1",NULL,"Mengajar Tata Tulis Karya Ilmiah di G7.10","2026-04-29 16:41:12","2026-04-29 16:41:12"
"349","17","Jumat","2",NULL,"Mengajar Tata Tulis Karya Ilmiah di G7.10","2026-04-29 16:41:12","2026-04-29 16:41:12"
"350","17","Jumat","3",NULL,"Mengajar Tata Tulis Karya Ilmiah di G7.10","2026-04-29 16:41:12","2026-04-29 16:41:12"
"351","17","Jumat","4",NULL,"Mengajar Tata Tulis Karya Ilmiah di G7.10","2026-04-29 16:41:12","2026-04-29 16:41:12"
"352","18","Senin","6","5","Mengajar Pemrograman Perangkat Bergerak","2026-04-29 16:42:58","2026-04-29 16:42:58"
"353","18","Senin","7","5","Mengajar Pemrograman Perangkat Bergerak","2026-04-29 16:42:58","2026-04-29 16:42:58"
"354","18","Senin","8","5","Mengajar Pemrograman Perangkat Bergerak","2026-04-29 16:42:58","2026-04-29 16:42:58"
"355","18","Senin","9","5","Mengajar Pemrograman Perangkat Bergerak","2026-04-29 16:42:58","2026-04-29 16:42:58"
"356","18","Senin","10","5","Mengajar Pemrograman Perangkat Bergerak","2026-04-29 16:42:58","2026-04-29 16:42:58"
"357","18","Selasa","6","5","Mengajar Pemrograman Perangkat Bergerak","2026-04-29 16:43:44","2026-04-29 16:43:44"
"358","18","Selasa","7","5","Mengajar Pemrograman Perangkat Bergerak","2026-04-29 16:43:44","2026-04-29 16:43:44"
"359","18","Selasa","8","5","Mengajar Pemrograman Perangkat Bergerak","2026-04-29 16:43:44","2026-04-29 16:43:44"
"360","18","Selasa","9","5","Mengajar Pemrograman Perangkat Bergerak","2026-04-29 16:43:44","2026-04-29 16:43:44"
"361","18","Selasa","10","5","Mengajar Pemrograman Perangkat Bergerak","2026-04-29 16:43:44","2026-04-29 16:43:44"
"362","18","Rabu","6","5","Mengajar Interoperabilitas","2026-04-29 16:44:15","2026-04-29 16:44:15"
"363","18","Rabu","7","5","Mengajar Interoperabilitas","2026-04-29 16:44:15","2026-04-29 16:44:15"
"364","18","Rabu","8","5","Mengajar Interoperabilitas","2026-04-29 16:44:15","2026-04-29 16:44:15"
"365","18","Rabu","9","5","Mengajar Interoperabilitas","2026-04-29 16:44:15","2026-04-29 16:44:15"
"366","18","Rabu","10","5","Mengajar Interoperabilitas","2026-04-29 16:44:15","2026-04-29 16:44:15"
"367","18","Kamis","6","5","Mengajar Interoperabilitas","2026-04-29 16:45:28","2026-04-29 16:45:28"
"368","18","Kamis","7","5","Mengajar Interoperabilitas","2026-04-29 16:45:28","2026-04-29 16:45:28"
"369","18","Kamis","8","5","Mengajar Interoperabilitas","2026-04-29 16:45:28","2026-04-29 16:45:28"
"370","18","Kamis","9","5","Mengajar Interoperabilitas","2026-04-29 16:45:28","2026-04-29 16:45:28"
"371","18","Kamis","10","5","Mengajar Interoperabilitas","2026-04-29 16:45:28","2026-04-29 16:45:28"
"372","18","Jumat","1","5","Mengajar Interoperabilitas","2026-04-29 16:46:18","2026-04-29 16:46:18"
"373","18","Jumat","2","5","Mengajar Interoperabilitas","2026-04-29 16:46:18","2026-04-29 16:46:18"
"374","18","Jumat","3","5","Mengajar Interoperabilitas","2026-04-29 16:46:18","2026-04-29 16:46:18"
"375","18","Jumat","4","5","Mengajar Interoperabilitas","2026-04-29 16:46:18","2026-04-29 16:46:18"
"376","18","Jumat","5","5","Mengajar Interoperabilitas","2026-04-29 16:46:18","2026-04-29 16:46:18"
"377","18","Jumat","6",NULL,"Mengajar Pemrograman Web Lanjut di G7.06","2026-04-29 16:46:52","2026-04-29 16:46:52"
"378","18","Jumat","7",NULL,"Mengajar Pemrograman Web Lanjut di G7.06","2026-04-29 16:46:52","2026-04-29 16:46:52"
"379","18","Jumat","8",NULL,"Mengajar Pemrograman Web Lanjut di G7.06","2026-04-29 16:46:52","2026-04-29 16:46:52"
"380","18","Jumat","9",NULL,"Mengajar Pemrograman Web Lanjut di G7.06","2026-04-29 16:46:52","2026-04-29 16:46:52"
"381","18","Jumat","10",NULL,"Mengajar Pemrograman Web Lanjut di G7.06","2026-04-29 16:46:52","2026-04-29 16:46:52"
"382","19","Senin","1","3","Mengajar Pengantar Pemprograman Dasar dan Matematika diskrit","2026-04-29 16:47:59","2026-04-29 16:47:59"
"383","19","Senin","2","3","Mengajar Pengantar Pemprograman Dasar dan Matematika diskrit","2026-04-29 16:47:59","2026-04-29 16:47:59"
"384","19","Senin","3","3","Mengajar Pengantar Pemprograman Dasar dan Matematika diskrit","2026-04-29 16:47:59","2026-04-29 16:47:59"
"385","19","Senin","4","3","Mengajar Pengantar Pemprograman Dasar dan Matematika diskrit","2026-04-29 16:47:59","2026-04-29 16:47:59"
"386","19","Senin","5","3","Mengajar Pengantar Pemprograman Dasar dan Matematika diskrit","2026-04-29 16:47:59","2026-04-29 16:47:59"
"387","19","Senin","6","3","Mengajar Pengantar Pemprograman Dasar dan Matematika diskrit","2026-04-29 16:47:59","2026-04-29 16:47:59"
"388","19","Senin","7","3","Mengajar Pengantar Pemprograman Dasar dan Matematika diskrit","2026-04-29 16:47:59","2026-04-29 16:47:59"
"389","19","Senin","8","3","Mengajar Pengantar Pemprograman Dasar dan Matematika diskrit","2026-04-29 16:47:59","2026-04-29 16:47:59"
"390","19","Senin","9","3","Mengajar Pengantar Pemprograman Dasar dan Matematika diskrit","2026-04-29 16:47:59","2026-04-29 16:47:59"
"391","19","Senin","10","3","Mengajar Pengantar Pemprograman Dasar dan Matematika diskrit","2026-04-29 16:47:59","2026-04-29 16:47:59"
"392","19","Selasa","1","3","Mengajar Matematika diskrit","2026-04-29 16:48:52","2026-04-29 16:48:52"
"393","19","Selasa","2","3","Mengajar Matematika diskrit","2026-04-29 16:48:52","2026-04-29 16:48:52"
"394","19","Selasa","3","3","Mengajar Matematika diskrit","2026-04-29 16:48:52","2026-04-29 16:48:52"
"395","19","Selasa","4","3","Mengajar Matematika diskrit","2026-04-29 16:48:52","2026-04-29 16:48:52"
"396","19","Selasa","5","3","Mengajar Matematika diskrit","2026-04-29 16:48:52","2026-04-29 16:48:52"
"397","19","Selasa","6","3","Mengajar Matematika diskrit","2026-04-29 16:48:52","2026-04-29 16:48:52"
"398","19","Selasa","7","3","Mengajar Matematika diskrit","2026-04-29 16:48:52","2026-04-29 16:48:52"
"399","19","Selasa","8","3","Mengajar Matematika diskrit","2026-04-29 16:48:52","2026-04-29 16:48:52"
"400","19","Selasa","9","3","Mengajar Matematika diskrit","2026-04-29 16:48:52","2026-04-29 16:48:52"
"401","19","Selasa","10","3","Mengajar Matematika diskrit","2026-04-29 16:48:52","2026-04-29 16:48:52"
"402","19","Rabu","1","7","Mengajar Statistika","2026-04-29 16:50:03","2026-04-29 16:50:03"
"403","19","Rabu","2","7","Mengajar Statistika","2026-04-29 16:50:03","2026-04-29 16:50:03"
"404","19","Rabu","3","7","Mengajar Statistika","2026-04-29 16:50:03","2026-04-29 16:50:03"
"405","19","Rabu","4","7","Mengajar Statistika","2026-04-29 16:50:03","2026-04-29 16:50:03"
"406","19","Kamis","1",NULL,"Mengajar Statistika probabilitas","2026-04-29 16:50:44","2026-04-29 16:50:44"
"407","19","Kamis","2",NULL,"Mengajar Statistika probabilitas","2026-04-29 16:50:44","2026-04-29 16:50:44"
"408","19","Kamis","3",NULL,"Mengajar Statistika probabilitas","2026-04-29 16:50:44","2026-04-29 16:50:44"
"409","19","Kamis","4",NULL,"Mengajar Statistika probabilitas","2026-04-29 16:50:44","2026-04-29 16:50:44"
"410","20","Senin","1",NULL,"Mengajar Ecommerce di G7.09","2026-04-29 16:53:26","2026-04-29 16:53:26"
"411","20","Senin","2",NULL,"Mengajar Ecommerce di G7.09","2026-04-29 16:53:26","2026-04-29 16:53:26"
"412","20","Senin","3",NULL,"Mengajar Ecommerce di G7.09","2026-04-29 16:53:26","2026-04-29 16:53:26"
"413","20","Senin","4",NULL,"Mengajar Ecommerce di G7.09","2026-04-29 16:53:26","2026-04-29 16:53:26"
"414","20","Senin","5",NULL,"Mengajar Ecommerce di G7.09","2026-04-29 16:53:26","2026-04-29 16:53:26"
"415","20","Senin","6",NULL,"Mengajar Ecommerce di G7.09","2026-04-29 16:53:26","2026-04-29 16:53:26"
"416","20","Senin","7",NULL,"Mengajar Ecommerce di G7.09","2026-04-29 16:53:26","2026-04-29 16:53:26"
"417","20","Senin","8",NULL,"Mengajar Ecommerce di G7.09","2026-04-29 16:53:26","2026-04-29 16:53:26"
"418","20","Senin","9",NULL,"Mengajar Ecommerce di G7.09","2026-04-29 16:53:26","2026-04-29 16:53:26"
"419","20","Senin","10",NULL,"Mengajar Ecommerce di G7.09","2026-04-29 16:53:26","2026-04-29 16:53:26"
"420","20","Selasa","1",NULL,"Mengajar Ecommerce di G7.09","2026-04-29 16:55:00","2026-04-29 16:55:00"
"421","20","Selasa","2",NULL,"Mengajar Ecommerce di G7.09","2026-04-29 16:55:00","2026-04-29 16:55:00"
"422","20","Selasa","3",NULL,"Mengajar Ecommerce di G7.09","2026-04-29 16:55:00","2026-04-29 16:55:00"
"423","20","Selasa","4",NULL,"Mengajar Ecommerce di G7.09","2026-04-29 16:55:00","2026-04-29 16:55:00"
"424","20","Selasa","5",NULL,"Mengajar Ecommerce di G7.09","2026-04-29 16:55:00","2026-04-29 16:55:00"
"425","20","Selasa","6",NULL,"Mengajar Ecommerce di G7.09","2026-04-29 16:55:00","2026-04-29 16:55:00"
"426","20","Selasa","7",NULL,"Mengajar Ecommerce di G7.09","2026-04-29 16:55:00","2026-04-29 16:55:00"
"427","20","Selasa","8",NULL,"Mengajar Ecommerce di G7.09","2026-04-29 16:55:00","2026-04-29 16:55:00"
"428","20","Selasa","9",NULL,"Mengajar Ecommerce di G7.09","2026-04-29 16:55:00","2026-04-29 16:55:00"
"429","20","Selasa","10",NULL,"Mengajar Ecommerce di G7.09","2026-04-29 16:55:00","2026-04-29 16:55:00"
"430","20","Rabu","6",NULL,"Mengajar Promosi dan periklanan di G7.10","2026-04-29 16:56:11","2026-04-29 16:56:11"
"431","20","Rabu","7",NULL,"Mengajar Promosi dan periklanan di G7.10","2026-04-29 16:56:11","2026-04-29 16:56:11"
"432","20","Rabu","8",NULL,"Mengajar Promosi dan periklanan di G7.10","2026-04-29 16:56:11","2026-04-29 16:56:11"
"433","20","Rabu","9",NULL,"Mengajar Promosi dan periklanan di G7.10","2026-04-29 16:56:11","2026-04-29 16:56:11"
"434","20","Rabu","10",NULL,"Mengajar Promosi dan periklanan di G7.10","2026-04-29 16:56:11","2026-04-29 16:56:11"
"435","20","Kamis","3",NULL,"Mengajar pengantar ilmu manajemen di G7.08","2026-04-29 16:56:52","2026-04-29 16:56:52"
"436","20","Kamis","4",NULL,"Mengajar pengantar ilmu manajemen di G7.08","2026-04-29 16:56:52","2026-04-29 16:56:52"
"437","20","Kamis","8",NULL,"Mengajar Statistika probabilitas di G7.05","2026-04-29 16:57:42","2026-04-29 16:57:42"
"438","20","Kamis","9",NULL,"Mengajar Statistika probabilitas di G7.05","2026-04-29 16:57:42","2026-04-29 16:57:42"
"439","21","Senin","4",NULL,"Mengajar Metode dan Model Pengembangan Perangkat Lunak di G6.05","2026-04-29 16:58:59","2026-04-29 16:58:59"
"440","21","Senin","5",NULL,"Mengajar Metode dan Model Pengembangan Perangkat Lunak di G6.05","2026-04-29 16:58:59","2026-04-29 16:58:59"
"441","21","Selasa","1","2","Mengajar Metode dan Model Pengembangan Perangkat Lunak","2026-04-29 16:59:41","2026-04-29 16:59:41"
"442","21","Selasa","2","2","Mengajar Metode dan Model Pengembangan Perangkat Lunak","2026-04-29 16:59:41","2026-04-29 16:59:41"
"443","21","Selasa","6","9","Mengajar Proyek Aplikasi Lanjut","2026-04-29 17:00:18","2026-04-29 17:00:18"
"444","21","Selasa","7","9","Mengajar Proyek Aplikasi Lanjut","2026-04-29 17:00:18","2026-04-29 17:00:18"
"445","21","Selasa","8","9","Mengajar Proyek Aplikasi Lanjut","2026-04-29 17:00:18","2026-04-29 17:00:18"
"446","21","Selasa","9","9","Mengajar Proyek Aplikasi Lanjut","2026-04-29 17:00:18","2026-04-29 17:00:18"
"447","21","Rabu","1","4","Mengajar Algoritma dan Pemrograman","2026-04-29 17:01:55","2026-04-29 17:01:55"
"448","21","Rabu","2","4","Mengajar Algoritma dan Pemrograman","2026-04-29 17:01:55","2026-04-29 17:01:55"
"449","21","Rabu","3","4","Mengajar Algoritma dan Pemrograman","2026-04-29 17:01:55","2026-04-29 17:01:55"
"450","21","Rabu","4","4","Mengajar Algoritma dan Pemrograman","2026-04-29 17:01:55","2026-04-29 17:01:55"
"451","21","Rabu","5","4","Mengajar Algoritma dan Pemrograman","2026-04-29 17:01:55","2026-04-29 17:01:55"
"452","21","Kamis","6","9","Mengajar Proyek Aplikasi Lanjut","2026-04-29 17:02:37","2026-04-29 17:02:37"
"453","21","Kamis","7","9","Mengajar Proyek Aplikasi Lanjut","2026-04-29 17:02:37","2026-04-29 17:02:37"
"454","21","Kamis","8","9","Mengajar Proyek Aplikasi Lanjut","2026-04-29 17:02:37","2026-04-29 17:02:37"
"455","21","Kamis","9","9","Mengajar Proyek Aplikasi Lanjut","2026-04-29 17:02:37","2026-04-29 17:02:37"
"456","21","Jumat","1",NULL,"Mengajar Metode dan Model Pengembangan Perangkat Lunak di G7.05","2026-04-29 17:03:12","2026-04-29 17:03:12"
"457","21","Jumat","2",NULL,"Mengajar Metode dan Model Pengembangan Perangkat Lunak di G7.05","2026-04-29 17:03:12","2026-04-29 17:03:12"
"458","21","Jumat","3",NULL,"Mengajar Metode dan Model Pengembangan Perangkat Lunak di G7.05","2026-04-29 17:03:12","2026-04-29 17:03:12"
"459","21","Jumat","4",NULL,"Mengajar Metode dan Model Pengembangan Perangkat Lunak di G7.05","2026-04-29 17:03:12","2026-04-29 17:03:12"
"460","21","Jumat","8",NULL,"Mengajar Metode dan Model Pengembangan Perangkat Lunak di G7.04","2026-04-29 17:03:47","2026-04-29 17:03:47"
"461","21","Jumat","9",NULL,"Mengajar Metode dan Model Pengembangan Perangkat Lunak di G7.04","2026-04-29 17:03:47","2026-04-29 17:03:47"
"462","22","Senin","1","8","Mengajar Praktikum Sistem Operasi","2026-04-29 20:10:17","2026-04-29 20:10:17"
"463","22","Senin","2","8","Mengajar Praktikum Sistem Operasi","2026-04-29 20:10:17","2026-04-29 20:10:17"
"464","22","Senin","3","8","Mengajar Praktikum Sistem Operasi","2026-04-29 20:10:17","2026-04-29 20:10:17"
"465","22","Senin","4","8","Mengajar Praktikum Sistem Operasi","2026-04-29 20:10:17","2026-04-29 20:10:17"
"466","22","Senin","5","8","Mengajar Praktikum Sistem Operasi","2026-04-29 20:10:17","2026-04-29 20:10:17"
"467","22","Senin","6","6","Mengajar Praktikum Sistem Operasi","2026-04-29 20:10:40","2026-04-29 20:10:40"
"468","22","Senin","7","6","Mengajar Praktikum Sistem Operasi","2026-04-29 20:10:40","2026-04-29 20:10:40"
"469","22","Senin","8","6","Mengajar Praktikum Sistem Operasi","2026-04-29 20:10:40","2026-04-29 20:10:40"
"470","22","Senin","9","6","Mengajar Praktikum Sistem Operasi","2026-04-29 20:10:40","2026-04-29 20:10:40"
"471","22","Senin","10","6","Mengajar Praktikum Sistem Operasi","2026-04-29 20:10:40","2026-04-29 20:10:40"
"472","22","Rabu","1","6","Mengajar Keamanan Komputer","2026-04-29 20:11:32","2026-04-29 20:11:32"
"473","22","Rabu","2","6","Mengajar Keamanan Komputer","2026-04-29 20:11:32","2026-04-29 20:11:32"
"474","22","Rabu","3","6","Mengajar Keamanan Komputer","2026-04-29 20:11:32","2026-04-29 20:11:32"
"475","22","Rabu","4","6","Mengajar Keamanan Komputer","2026-04-29 20:11:32","2026-04-29 20:11:32"
"476","22","Rabu","5","6","Mengajar Keamanan Komputer","2026-04-29 20:11:32","2026-04-29 20:11:32"
"477","22","Rabu","6","6","Mengajar Keamanan Komputer","2026-04-29 20:11:32","2026-04-29 20:11:32"
"478","22","Rabu","7","6","Mengajar Keamanan Komputer","2026-04-29 20:11:32","2026-04-29 20:11:32"
"479","22","Rabu","8","6","Mengajar Keamanan Komputer","2026-04-29 20:11:32","2026-04-29 20:11:32"
"480","22","Rabu","9","6","Mengajar Keamanan Komputer","2026-04-29 20:11:32","2026-04-29 20:11:32"
"481","22","Rabu","10","6","Mengajar Keamanan Komputer","2026-04-29 20:11:32","2026-04-29 20:11:32"
"482","22","Kamis","1","6","Mengajar Praktikum Sistem Operasi","2026-04-29 20:12:14","2026-04-29 20:12:14"
"483","22","Kamis","2","6","Mengajar Praktikum Sistem Operasi","2026-04-29 20:12:14","2026-04-29 20:12:14"
"484","22","Kamis","3","6","Mengajar Praktikum Sistem Operasi","2026-04-29 20:12:14","2026-04-29 20:12:14"
"485","22","Kamis","4","6","Mengajar Praktikum Sistem Operasi","2026-04-29 20:12:14","2026-04-29 20:12:14"
"486","22","Kamis","5","6","Mengajar Praktikum Sistem Operasi","2026-04-29 20:12:14","2026-04-29 20:12:14"
"487","22","Kamis","6","6","Mengajar Praktikum Sistem Operasi","2026-04-29 20:12:14","2026-04-29 20:12:14"
"488","22","Kamis","7","6","Mengajar Praktikum Sistem Operasi","2026-04-29 20:12:14","2026-04-29 20:12:14"
"489","22","Kamis","8","6","Mengajar Praktikum Sistem Operasi","2026-04-29 20:12:14","2026-04-29 20:12:14"
"490","22","Kamis","9","6","Mengajar Praktikum Sistem Operasi","2026-04-29 20:12:14","2026-04-29 20:12:14"
"491","22","Kamis","10","6","Mengajar Praktikum Sistem Operasi","2026-04-29 20:12:14","2026-04-29 20:12:14"
"492","22","Jumat","6","7","Mengajar Cloud Computing","2026-04-29 20:13:05","2026-04-29 20:13:05"
"493","22","Jumat","7","7","Mengajar Cloud Computing","2026-04-29 20:13:05","2026-04-29 20:13:05"
"494","22","Jumat","8","7","Mengajar Cloud Computing","2026-04-29 20:13:05","2026-04-29 20:13:05"
"495","22","Jumat","9","7","Mengajar Cloud Computing","2026-04-29 20:13:05","2026-04-29 20:13:05"
"496","22","Jumat","10","7","Mengajar Cloud Computing","2026-04-29 20:13:05","2026-04-29 20:13:05"
"497","23","Senin","1",NULL,"Mengajar Pengujian Perangkat Lunak di G7.07","2026-04-29 20:15:48","2026-04-29 20:15:48"
"498","23","Senin","2",NULL,"Mengajar Pengujian Perangkat Lunak di G7.07","2026-04-29 20:15:48","2026-04-29 20:15:48"
"499","23","Senin","3",NULL,"Mengajar Pengujian Perangkat Lunak di G7.07","2026-04-29 20:15:48","2026-04-29 20:15:48"
"500","23","Senin","4",NULL,"Mengajar Pengujian Perangkat Lunak di G7.07","2026-04-29 20:15:48","2026-04-29 20:15:48"
"501","23","Senin","5",NULL,"Mengajar Pengujian Perangkat Lunak di G7.07","2026-04-29 20:15:48","2026-04-29 20:15:48"
"502","23","Senin","6",NULL,"Mengajar Pengujian Perangkat Lunak di G7.07","2026-04-29 20:15:48","2026-04-29 20:15:48"
"503","23","Senin","7",NULL,"Mengajar Pengujian Perangkat Lunak di G7.07","2026-04-29 20:15:48","2026-04-29 20:15:48"
"504","23","Senin","8",NULL,"Mengajar Pengujian Perangkat Lunak di G7.07","2026-04-29 20:15:48","2026-04-29 20:15:48"
"505","23","Senin","9",NULL,"Mengajar Pengujian Perangkat Lunak di G7.07","2026-04-29 20:15:48","2026-04-29 20:15:48"
"506","23","Senin","10",NULL,"Mengajar Pengujian Perangkat Lunak di G7.07","2026-04-29 20:15:48","2026-04-29 20:15:48"
"507","23","Rabu","6",NULL,"Mengajar Pengujian Perangkat Lunak di G7.03","2026-04-29 20:16:34","2026-04-29 20:16:34"
"508","23","Rabu","7",NULL,"Mengajar Pengujian Perangkat Lunak di G7.03","2026-04-29 20:16:34","2026-04-29 20:16:34"
"509","23","Rabu","8",NULL,"Mengajar Pengujian Perangkat Lunak di G7.03","2026-04-29 20:16:34","2026-04-29 20:16:34"
"510","23","Rabu","9",NULL,"Mengajar Pengujian Perangkat Lunak di G7.03","2026-04-29 20:16:34","2026-04-29 20:16:34"
"511","23","Rabu","10",NULL,"Mengajar Pengujian Perangkat Lunak di G7.03","2026-04-29 20:16:34","2026-04-29 20:16:34"
"512","23","Kamis","1",NULL,"Mengajar Pengujian Perangkat Lunak di G7.07","2026-04-29 20:17:19","2026-04-29 20:17:19"
"513","23","Kamis","2",NULL,"Mengajar Pengujian Perangkat Lunak di G7.07","2026-04-29 20:17:19","2026-04-29 20:17:19"
"514","23","Kamis","3",NULL,"Mengajar Pengujian Perangkat Lunak di G7.07","2026-04-29 20:17:19","2026-04-29 20:17:19"
"515","23","Kamis","4",NULL,"Mengajar Pengujian Perangkat Lunak di G7.07","2026-04-29 20:17:19","2026-04-29 20:17:19"
"516","23","Kamis","5",NULL,"Mengajar Pengujian Perangkat Lunak di G7.07","2026-04-29 20:17:19","2026-04-29 20:17:19"
"517","23","Kamis","6",NULL,"Mengajar Pengujian Perangkat Lunak di G7.07","2026-04-29 20:17:19","2026-04-29 20:17:19"
"518","23","Kamis","7",NULL,"Mengajar Pengujian Perangkat Lunak di G7.07","2026-04-29 20:17:19","2026-04-29 20:17:19"
"519","23","Kamis","8",NULL,"Mengajar Pengujian Perangkat Lunak di G7.07","2026-04-29 20:17:19","2026-04-29 20:17:19"
"520","23","Kamis","9",NULL,"Mengajar Pengujian Perangkat Lunak di G7.07","2026-04-29 20:17:19","2026-04-29 20:17:19"
"521","23","Kamis","10",NULL,"Mengajar Pengujian Perangkat Lunak di G7.07","2026-04-29 20:17:19","2026-04-29 20:17:19"
"522","23","Jumat","1",NULL,"Mengajar Pengujian Perangkat Lunak di G7.03","2026-04-29 20:17:54","2026-04-29 20:17:54"
"523","23","Jumat","2",NULL,"Mengajar Pengujian Perangkat Lunak di G7.03","2026-04-29 20:17:54","2026-04-29 20:17:54"
"524","23","Jumat","3",NULL,"Mengajar Pengujian Perangkat Lunak di G7.03","2026-04-29 20:17:54","2026-04-29 20:17:54"
"525","23","Jumat","4",NULL,"Mengajar Pengujian Perangkat Lunak di G7.03","2026-04-29 20:17:54","2026-04-29 20:17:54"
"526","23","Jumat","5",NULL,"Mengajar Pengujian Perangkat Lunak di G7.03","2026-04-29 20:17:54","2026-04-29 20:17:54"
"527","24","Senin","1",NULL,"Mengajar Desain komunikasi visual di G7.02","2026-04-29 20:18:56","2026-04-29 20:18:56"
"528","24","Senin","2",NULL,"Mengajar Desain komunikasi visual di G7.02","2026-04-29 20:18:56","2026-04-29 20:18:56"
"529","24","Senin","3",NULL,"Mengajar Desain komunikasi visual di G7.02","2026-04-29 20:18:56","2026-04-29 20:18:56"
"530","24","Senin","4",NULL,"Mengajar Desain komunikasi visual di G7.02","2026-04-29 20:18:56","2026-04-29 20:18:56"
"531","24","Senin","5",NULL,"Mengajar Desain komunikasi visual di G7.02","2026-04-29 20:18:56","2026-04-29 20:18:56"
"532","24","Selasa","3",NULL,"Mengajar Ide Kreatif & Kewirausahaan TRPL-3A G7.06","2026-04-29 20:19:40","2026-04-29 20:19:40"
"533","24","Selasa","4",NULL,"Mengajar Ide Kreatif & Kewirausahaan TRPL-3A G7.06","2026-04-29 20:19:40","2026-04-29 20:19:40"
"534","24","Selasa","6",NULL,"Mengajar Sistem Pendukung Keputusan di G7.07","2026-04-29 20:20:19","2026-04-29 20:20:19"
"535","24","Selasa","7",NULL,"Mengajar Sistem Pendukung Keputusan di G7.07","2026-04-29 20:20:19","2026-04-29 20:20:19"
"536","24","Selasa","8",NULL,"Mengajar Sistem Pendukung Keputusan di G7.07","2026-04-29 20:20:19","2026-04-29 20:20:19"
"537","24","Selasa","9",NULL,"Mengajar Sistem Pendukung Keputusan di G7.07","2026-04-29 20:20:19","2026-04-29 20:20:19"
"538","24","Selasa","10",NULL,"Mengajar Sistem Pendukung Keputusan di G7.07","2026-04-29 20:20:19","2026-04-29 20:20:19"
"539","24","Rabu","1",NULL,"Mengajar Sistem Pendukung Keputusan di G7.02","2026-04-29 20:21:03","2026-04-29 20:21:03"
"540","24","Rabu","2",NULL,"Mengajar Sistem Pendukung Keputusan di G7.02","2026-04-29 20:21:03","2026-04-29 20:21:03"
"541","24","Rabu","3",NULL,"Mengajar Sistem Pendukung Keputusan di G7.02","2026-04-29 20:21:03","2026-04-29 20:21:03"
"542","24","Rabu","4",NULL,"Mengajar Sistem Pendukung Keputusan di G7.02","2026-04-29 20:21:03","2026-04-29 20:21:03"
"543","24","Rabu","5",NULL,"Mengajar Sistem Pendukung Keputusan di G7.02","2026-04-29 20:21:03","2026-04-29 20:21:03"
"544","24","Rabu","6",NULL,"Mengajar Sistem Pendukung Keputusan di G7.02","2026-04-29 20:21:03","2026-04-29 20:21:03"
"545","24","Rabu","7",NULL,"Mengajar Sistem Pendukung Keputusan di G7.02","2026-04-29 20:21:03","2026-04-29 20:21:03"
"546","24","Rabu","8",NULL,"Mengajar Sistem Pendukung Keputusan di G7.02","2026-04-29 20:21:03","2026-04-29 20:21:03"
"547","24","Rabu","9",NULL,"Mengajar Sistem Pendukung Keputusan di G7.02","2026-04-29 20:21:03","2026-04-29 20:21:03"
"548","24","Rabu","10",NULL,"Mengajar Sistem Pendukung Keputusan di G7.02","2026-04-29 20:21:03","2026-04-29 20:21:03"
"549","24","Kamis","1",NULL,"Mengajar Sistem Pendukung Keputusan di G7.03","2026-04-29 20:21:42","2026-04-29 20:21:42"
"550","24","Kamis","2",NULL,"Mengajar Sistem Pendukung Keputusan di G7.03","2026-04-29 20:21:42","2026-04-29 20:21:42"
"551","24","Kamis","3",NULL,"Mengajar Sistem Pendukung Keputusan di G7.03","2026-04-29 20:21:42","2026-04-29 20:21:42"
"552","24","Kamis","4",NULL,"Mengajar Sistem Pendukung Keputusan di G7.03","2026-04-29 20:21:42","2026-04-29 20:21:42"
"553","24","Kamis","5",NULL,"Mengajar Sistem Pendukung Keputusan di G7.03","2026-04-29 20:21:42","2026-04-29 20:21:42"
"554","24","Jumat","6",NULL,"Mengajar Proyek Aplikasi Lanjut di G7.03","2026-04-29 20:22:15","2026-04-29 20:22:15"
"555","24","Jumat","7",NULL,"Mengajar Proyek Aplikasi Lanjut di G7.03","2026-04-29 20:22:15","2026-04-29 20:22:15"
"556","24","Jumat","8",NULL,"Mengajar Proyek Aplikasi Lanjut di G7.03","2026-04-29 20:22:15","2026-04-29 20:22:15"
"557","24","Jumat","9",NULL,"Mengajar Proyek Aplikasi Lanjut di G7.03","2026-04-29 20:22:15","2026-04-29 20:22:15"
"558","25","Senin","1",NULL,"Mengajar Hukum Bisnis dan Regulasi di G7.10","2026-04-29 20:26:43","2026-04-29 20:26:43"
"559","25","Senin","2",NULL,"Mengajar Hukum Bisnis dan Regulasi di G7.10","2026-04-29 20:26:43","2026-04-29 20:26:43"
"560","25","Senin","3",NULL,"Mengajar Hukum Bisnis dan Regulasi di G7.10","2026-04-29 20:26:43","2026-04-29 20:26:43"
"561","25","Senin","4",NULL,"Mengajar Hukum Bisnis dan Regulasi di G7.10","2026-04-29 20:26:43","2026-04-29 20:26:43"
"562","25","Senin","6",NULL,"Mengajar Hukum Bisnis dan Regulasi di G7.10","2026-04-29 20:27:13","2026-04-29 20:27:13"
"563","25","Senin","7",NULL,"Mengajar Hukum Bisnis dan Regulasi di G7.10","2026-04-29 20:27:13","2026-04-29 20:27:13"
"564","25","Selasa","1",NULL,"Mengajar Pemasaran media sosial di G7.07","2026-04-29 20:28:16","2026-04-29 20:28:16"
"565","25","Selasa","2",NULL,"Mengajar Pemasaran media sosial di G7.07","2026-04-29 20:28:16","2026-04-29 20:28:16"
"566","25","Selasa","3",NULL,"Mengajar Pemasaran media sosial di G7.07","2026-04-29 20:28:16","2026-04-29 20:28:16"
"567","25","Selasa","4",NULL,"Mengajar Pemasaran media sosial di G7.07","2026-04-29 20:28:16","2026-04-29 20:28:16"
"568","25","Rabu","1",NULL,"Mengajar Teknik pengambilan keputusan di G7.10","2026-04-29 20:28:43","2026-04-29 20:28:43"
"569","25","Rabu","2",NULL,"Mengajar Teknik pengambilan keputusan di G7.10","2026-04-29 20:28:43","2026-04-29 20:28:43"
"570","25","Rabu","3",NULL,"Mengajar Teknik pengambilan keputusan di G7.10","2026-04-29 20:28:43","2026-04-29 20:28:43"
"571","25","Rabu","4",NULL,"Mengajar Teknik pengambilan keputusan di G7.10","2026-04-29 20:28:43","2026-04-29 20:28:43"
"572","25","Kamis","6",NULL,"Mengajar Manajemen risiko di G7.10","2026-04-29 20:29:19","2026-04-29 20:29:19"
"573","25","Kamis","7",NULL,"Mengajar Manajemen risiko di G7.10","2026-04-29 20:29:19","2026-04-29 20:29:19"
"574","25","Kamis","8",NULL,"Mengajar Manajemen risiko di G7.10","2026-04-29 20:29:19","2026-04-29 20:29:19"
"575","25","Kamis","9",NULL,"Mengajar Manajemen risiko di G7.10","2026-04-29 20:29:19","2026-04-29 20:29:19"
"576","26","Senin","1","5","Mengajar Visi Komputer","2026-04-29 20:30:15","2026-04-29 20:30:15"
"577","26","Senin","2","5","Mengajar Visi Komputer","2026-04-29 20:30:15","2026-04-29 20:30:15"
"578","26","Senin","3","5","Mengajar Visi Komputer","2026-04-29 20:30:15","2026-04-29 20:30:15"
"579","26","Senin","4","5","Mengajar Visi Komputer","2026-04-29 20:30:15","2026-04-29 20:30:15"
"580","26","Senin","5","5","Mengajar Visi Komputer","2026-04-29 20:30:15","2026-04-29 20:30:15"
"581","26","Senin","6",NULL,"Mengajar Keselamatan dan Kesehatan Kerja di G7.08","2026-04-29 20:30:40","2026-04-29 20:30:40"
"582","26","Senin","7",NULL,"Mengajar Keselamatan dan Kesehatan Kerja di G7.08","2026-04-29 20:30:40","2026-04-29 20:30:40"
"583","26","Senin","8",NULL,"Mengajar Keselamatan dan Kesehatan Kerja di G7.08","2026-04-29 20:30:40","2026-04-29 20:30:40"
"584","26","Senin","9",NULL,"Mengajar Keselamatan dan Kesehatan Kerja di G7.08","2026-04-29 20:30:40","2026-04-29 20:30:40"
"585","26","Senin","10",NULL,"Mengajar Keselamatan dan Kesehatan Kerja di G7.08","2026-04-29 20:30:40","2026-04-29 20:30:40"
"586","26","Selasa","1",NULL,"Mengajar Keselamatan dan Kesehatan Kerja di G7.04","2026-04-29 20:31:15","2026-04-29 20:31:15"
"587","26","Selasa","2",NULL,"Mengajar Keselamatan dan Kesehatan Kerja di G7.04","2026-04-29 20:31:15","2026-04-29 20:31:15"
"588","26","Selasa","6",NULL,"Mengajar Keselamatan dan Kesehatan Kerja di G7.08","2026-04-29 20:31:55","2026-04-29 20:31:55"
"589","26","Selasa","7",NULL,"Mengajar Keselamatan dan Kesehatan Kerja di G7.08","2026-04-29 20:31:55","2026-04-29 20:31:55"
"590","26","Selasa","8",NULL,"Mengajar Keselamatan dan Kesehatan Kerja di G7.08","2026-04-29 20:31:55","2026-04-29 20:31:55"
"591","26","Selasa","9",NULL,"Mengajar Keselamatan dan Kesehatan Kerja di G7.08","2026-04-29 20:31:55","2026-04-29 20:31:55"
"592","26","Rabu","3",NULL,"Mengajar Statistika di G7.03","2026-04-29 20:32:32","2026-04-29 20:32:32"
"593","26","Rabu","4",NULL,"Mengajar Statistika di G7.03","2026-04-29 20:32:32","2026-04-29 20:32:32"
"594","26","Rabu","6",NULL,"Mengajar Statistika G7.08","2026-04-29 20:33:08","2026-04-29 20:33:08"
"595","26","Rabu","7",NULL,"Mengajar Statistika G7.08","2026-04-29 20:33:08","2026-04-29 20:33:08"
"596","26","Rabu","8",NULL,"Mengajar Statistika G7.08","2026-04-29 20:33:08","2026-04-29 20:33:08"
"597","26","Rabu","9",NULL,"Mengajar Statistika G7.08","2026-04-29 20:33:08","2026-04-29 20:33:08"
"603","27","Selasa","6","8","Mengajar Algoritma dan Pemrograman","2026-04-29 20:36:59","2026-04-29 20:36:59"
"604","27","Selasa","7","8","Mengajar Algoritma dan Pemrograman","2026-04-29 20:36:59","2026-04-29 20:36:59"
"605","27","Selasa","8","8","Mengajar Algoritma dan Pemrograman","2026-04-29 20:36:59","2026-04-29 20:36:59"
"606","27","Selasa","9","8","Mengajar Algoritma dan Pemrograman","2026-04-29 20:36:59","2026-04-29 20:36:59"
"607","27","Selasa","10","8","Mengajar Algoritma dan Pemrograman","2026-04-29 20:36:59","2026-04-29 20:36:59"
"608","27","Rabu","1","8","Mengajar Algoritma dan Pemrograman","2026-04-29 20:38:41","2026-04-29 20:38:41"
"609","27","Rabu","2","8","Mengajar Algoritma dan Pemrograman","2026-04-29 20:38:41","2026-04-29 20:38:41"
"610","27","Rabu","3","8","Mengajar Algoritma dan Pemrograman","2026-04-29 20:38:41","2026-04-29 20:38:41"
"611","27","Rabu","4","8","Mengajar Algoritma dan Pemrograman","2026-04-29 20:38:41","2026-04-29 20:38:41"
"612","27","Rabu","5","8","Mengajar Algoritma dan Pemrograman","2026-04-29 20:38:41","2026-04-29 20:38:41"
"613","27","Rabu","6","8","Mengajar Algoritma dan Pemrograman","2026-04-29 20:38:41","2026-04-29 20:38:41"
"614","27","Rabu","7","8","Mengajar Algoritma dan Pemrograman","2026-04-29 20:38:41","2026-04-29 20:38:41"
"615","27","Rabu","8","8","Mengajar Algoritma dan Pemrograman","2026-04-29 20:38:41","2026-04-29 20:38:41"
"616","27","Rabu","9","8","Mengajar Algoritma dan Pemrograman","2026-04-29 20:38:41","2026-04-29 20:38:41"
"617","27","Rabu","10","8","Mengajar Algoritma dan Pemrograman","2026-04-29 20:38:41","2026-04-29 20:38:41"
"618","28","Senin","1",NULL,"Mengajar Pemrograman Web Lanjut di G7.06","2026-04-29 20:39:59","2026-04-29 20:39:59"
"619","28","Senin","2",NULL,"Mengajar Pemrograman Web Lanjut di G7.06","2026-04-29 20:39:59","2026-04-29 20:39:59"
"620","28","Senin","3",NULL,"Mengajar Pemrograman Web Lanjut di G7.06","2026-04-29 20:39:59","2026-04-29 20:39:59"
"621","28","Senin","4",NULL,"Mengajar Pemrograman Web Lanjut di G7.06","2026-04-29 20:39:59","2026-04-29 20:39:59"
"622","28","Senin","5",NULL,"Mengajar Pemrograman Web Lanjut di G7.06","2026-04-29 20:39:59","2026-04-29 20:39:59"
"623","28","Senin","6",NULL,"Mengajar Pemrograman Web Lanjut di G7.06","2026-04-29 20:39:59","2026-04-29 20:39:59"
"624","28","Senin","7",NULL,"Mengajar Pemrograman Web Lanjut di G7.06","2026-04-29 20:39:59","2026-04-29 20:39:59"
"625","28","Senin","8",NULL,"Mengajar Pemrograman Web Lanjut di G7.06","2026-04-29 20:39:59","2026-04-29 20:39:59"
"626","28","Senin","9",NULL,"Mengajar Pemrograman Web Lanjut di G7.06","2026-04-29 20:39:59","2026-04-29 20:39:59"
"627","28","Senin","10",NULL,"Mengajar Pemrograman Web Lanjut di G7.06","2026-04-29 20:39:59","2026-04-29 20:39:59"
"628","28","Selasa","1",NULL,"Mengajar Ide Kreatif & Kewirausahaan di G7.06","2026-04-29 20:40:39","2026-04-29 20:40:39"
"629","28","Selasa","2",NULL,"Mengajar Ide Kreatif & Kewirausahaan di G7.06","2026-04-29 20:40:39","2026-04-29 20:40:39"
"630","28","Selasa","3",NULL,"Mengajar Ide Kreatif & Kewirausahaan di G7.06","2026-04-29 20:40:39","2026-04-29 20:40:39"
"631","28","Selasa","4",NULL,"Mengajar Ide Kreatif & Kewirausahaan di G7.06","2026-04-29 20:40:39","2026-04-29 20:40:39"
"632","28","Selasa","6",NULL,"Mengajar Praktikum Pemrograman Web Lanjut di G7.06","2026-04-29 20:41:27","2026-04-29 20:41:27"
"633","28","Selasa","7",NULL,"Mengajar Praktikum Pemrograman Web Lanjut di G7.06","2026-04-29 20:41:27","2026-04-29 20:41:27"
"634","28","Selasa","8",NULL,"Mengajar Praktikum Pemrograman Web Lanjut di G7.06","2026-04-29 20:41:27","2026-04-29 20:41:27"
"635","28","Selasa","9",NULL,"Mengajar Praktikum Pemrograman Web Lanjut di G7.06","2026-04-29 20:41:27","2026-04-29 20:41:27"
"636","28","Selasa","10",NULL,"Mengajar Praktikum Pemrograman Web Lanjut di G7.06","2026-04-29 20:41:27","2026-04-29 20:41:27"
"637","28","Rabu","1","5","Mengajar Algoritma dan Pemrograman","2026-04-29 20:42:04","2026-04-29 20:42:04"
"638","28","Rabu","2","5","Mengajar Algoritma dan Pemrograman","2026-04-29 20:42:04","2026-04-29 20:42:04"
"639","28","Rabu","3","5","Mengajar Algoritma dan Pemrograman","2026-04-29 20:42:04","2026-04-29 20:42:04"
"640","28","Rabu","4","5","Mengajar Algoritma dan Pemrograman","2026-04-29 20:42:04","2026-04-29 20:42:04"
"641","28","Rabu","5","5","Mengajar Algoritma dan Pemrograman","2026-04-29 20:42:04","2026-04-29 20:42:04"
"642","29","Senin","6","7","Mengajar Jaringan Komputer Lanjut","2026-04-29 20:43:15","2026-04-29 20:43:15"
"643","29","Senin","7","7","Mengajar Jaringan Komputer Lanjut","2026-04-29 20:43:15","2026-04-29 20:43:15"
"644","29","Senin","8","7","Mengajar Jaringan Komputer Lanjut","2026-04-29 20:43:15","2026-04-29 20:43:15"
"645","29","Senin","9","7","Mengajar Jaringan Komputer Lanjut","2026-04-29 20:43:15","2026-04-29 20:43:15"
"646","29","Senin","10","7","Mengajar Jaringan Komputer Lanjut","2026-04-29 20:43:15","2026-04-29 20:43:15"
"647","29","Selasa","6","7","Mengajar Jaringan Komputer Lanjut","2026-04-29 20:43:46","2026-04-29 20:43:46"
"648","29","Selasa","7","7","Mengajar Jaringan Komputer Lanjut","2026-04-29 20:43:46","2026-04-29 20:43:46"
"649","29","Selasa","8","7","Mengajar Jaringan Komputer Lanjut","2026-04-29 20:43:46","2026-04-29 20:43:46"
"650","29","Selasa","9","7","Mengajar Jaringan Komputer Lanjut","2026-04-29 20:43:46","2026-04-29 20:43:46"
"651","29","Selasa","10","7","Mengajar Jaringan Komputer Lanjut","2026-04-29 20:43:46","2026-04-29 20:43:46"
"652","29","Rabu","1","9","Mengajar Pengantar Teknologi Informasi","2026-04-29 20:45:17","2026-04-29 20:45:17"
"653","29","Rabu","2","9","Mengajar Pengantar Teknologi Informasi","2026-04-29 20:45:17","2026-04-29 20:45:17"
"654","29","Rabu","3","9","Mengajar Pengantar Teknologi Informasi","2026-04-29 20:45:17","2026-04-29 20:45:17"
"655","29","Rabu","4","9","Mengajar Pengantar Teknologi Informasi","2026-04-29 20:45:17","2026-04-29 20:45:17"
"656","29","Rabu","5","9","Mengajar Pengantar Teknologi Informasi","2026-04-29 20:45:17","2026-04-29 20:45:17"
"657","29","Rabu","6","9","Mengajar Pengantar Teknologi Informasi","2026-04-29 20:45:17","2026-04-29 20:45:17"
"658","29","Rabu","7","9","Mengajar Pengantar Teknologi Informasi","2026-04-29 20:45:17","2026-04-29 20:45:17"
"659","29","Rabu","8","9","Mengajar Pengantar Teknologi Informasi","2026-04-29 20:45:17","2026-04-29 20:45:17"
"660","29","Rabu","9","9","Mengajar Pengantar Teknologi Informasi","2026-04-29 20:45:17","2026-04-29 20:45:17"
"661","29","Rabu","10","9","Mengajar Pengantar Teknologi Informasi","2026-04-29 20:45:17","2026-04-29 20:45:17"
"662","29","Kamis","1","7","Mengajar Matematika Dasar","2026-04-29 20:45:57","2026-04-29 20:45:57"
"663","29","Kamis","2","7","Mengajar Matematika Dasar","2026-04-29 20:45:57","2026-04-29 20:45:57"
"664","29","Kamis","3","7","Mengajar Matematika Dasar","2026-04-29 20:45:57","2026-04-29 20:45:57"
"665","29","Kamis","4","7","Mengajar Matematika Dasar","2026-04-29 20:45:57","2026-04-29 20:45:57"
"666","30","Selasa","1",NULL,"Mengajar Perilaku konsumen di G7.10","2026-04-29 20:47:13","2026-04-29 20:47:13"
"667","30","Selasa","2",NULL,"Mengajar Perilaku konsumen di G7.10","2026-04-29 20:47:13","2026-04-29 20:47:13"
"668","30","Selasa","3",NULL,"Mengajar Perilaku konsumen di G7.10","2026-04-29 20:47:13","2026-04-29 20:47:13"
"669","30","Selasa","4",NULL,"Mengajar Perilaku konsumen di G7.10","2026-04-29 20:47:13","2026-04-29 20:47:13"
"670","30","Rabu","1",NULL,"Mengajar Internet Marketing di G7.07","2026-04-29 20:48:21","2026-04-29 20:48:21"
"671","30","Rabu","2",NULL,"Mengajar Internet Marketing di G7.07","2026-04-29 20:48:21","2026-04-29 20:48:21"
"672","30","Rabu","3",NULL,"Mengajar Internet Marketing di G7.07","2026-04-29 20:48:21","2026-04-29 20:48:21"
"673","30","Rabu","4",NULL,"Mengajar Internet Marketing di G7.07","2026-04-29 20:48:21","2026-04-29 20:48:21"
"674","30","Rabu","5",NULL,"Mengajar Internet Marketing di G7.07","2026-04-29 20:48:21","2026-04-29 20:48:21"
"675","30","Rabu","6",NULL,"Mengajar Internet Marketing di G7.07","2026-04-29 20:48:21","2026-04-29 20:48:21"
"676","30","Rabu","7",NULL,"Mengajar Internet Marketing di G7.07","2026-04-29 20:48:21","2026-04-29 20:48:21"
"677","30","Rabu","8",NULL,"Mengajar Internet Marketing di G7.07","2026-04-29 20:48:21","2026-04-29 20:48:21"
"678","30","Rabu","9",NULL,"Mengajar Internet Marketing di G7.07","2026-04-29 20:48:21","2026-04-29 20:48:21"
"679","30","Rabu","10",NULL,"Mengajar Internet Marketing di G7.07","2026-04-29 20:48:21","2026-04-29 20:48:21"
"680","30","Kamis","6",NULL,"Mengajar pengantar ilmu manajemen di G7.09","2026-04-29 20:48:54","2026-04-29 20:48:54"
"681","30","Kamis","7",NULL,"Mengajar pengantar ilmu manajemen di G7.09","2026-04-29 20:48:54","2026-04-29 20:48:54"
"682","30","Jumat","3",NULL,"Mengajar Pengantar Bisnis Digital G7.08","2026-04-29 20:49:28","2026-04-29 20:49:28"
"683","30","Jumat","4",NULL,"Mengajar Pengantar Bisnis Digital G7.08","2026-04-29 20:49:28","2026-04-29 20:49:28"
"684","30","Jumat","6",NULL,"Mengajar Pengantar Bisnis Digital G7.08","2026-04-29 20:49:53","2026-04-29 20:49:53"
"685","30","Jumat","7",NULL,"Mengajar Pengantar Bisnis Digital G7.08","2026-04-29 20:49:53","2026-04-29 20:49:53"
"686","30","Jumat","8",NULL,"Mengajar Pengantar Bisnis Digital G7.08","2026-04-29 20:49:53","2026-04-29 20:49:53"
"687","30","Jumat","9",NULL,"Mengajar Pengantar Bisnis Digital G7.08","2026-04-29 20:49:53","2026-04-29 20:49:53"
"688","31","Senin","1",NULL,"Mengajar Matematika Teknik di G6.03","2026-04-29 20:54:11","2026-04-29 20:54:11"
"689","31","Senin","2",NULL,"Mengajar Matematika Teknik di G6.03","2026-04-29 20:54:11","2026-04-29 20:54:11"
"690","31","Senin","3",NULL,"Mengajar Matematika Teknik di G6.03","2026-04-29 20:54:11","2026-04-29 20:54:11"
"691","31","Senin","4",NULL,"Mengajar Matematika Teknik di G6.03","2026-04-29 20:54:11","2026-04-29 20:54:11"
"692","31","Rabu","1",NULL,"Mengajar Matematika Teknik di G6.03","2026-04-29 20:57:18","2026-04-29 20:57:18"
"693","31","Rabu","2",NULL,"Mengajar Matematika Teknik di G6.03","2026-04-29 20:57:18","2026-04-29 20:57:18"
"694","31","Rabu","4",NULL,"Mengajar Statistika dan Probabilitas di G6.03","2026-04-29 20:57:53","2026-04-29 20:57:53"
"695","31","Rabu","5",NULL,"Mengajar Statistika dan Probabilitas di G6.03","2026-04-29 20:57:53","2026-04-29 20:57:53"
"696","31","Kamis","1",NULL,"Mengajar Statistika dan Probabilitas di G6.02","2026-04-29 20:58:22","2026-04-29 20:58:22"
"697","31","Kamis","2",NULL,"Mengajar Statistika dan Probabilitas di G6.02","2026-04-29 20:58:22","2026-04-29 20:58:22"
"698","31","Jumat","1",NULL,"Mengajar Matematika Teknik di G6.03","2026-04-29 20:58:51","2026-04-29 20:58:51"
"699","31","Jumat","2",NULL,"Mengajar Matematika Teknik di G6.03","2026-04-29 20:58:51","2026-04-29 20:58:51"
"700","31","Jumat","3",NULL,"Mengajar Matematika Teknik di G6.03","2026-04-29 20:58:51","2026-04-29 20:58:51"
"701","31","Jumat","4",NULL,"Mengajar Matematika Teknik di G6.03","2026-04-29 20:58:51","2026-04-29 20:58:51"
